artifact,format,checks,passed
feature_registry,parquet,15,True
feature_matrix,parquet,26,True
feature_observation_audit,parquet,15,True
daily_ic_evidence,parquet,15,True
incremental_daily_partial_ic,parquet,15,True
construction_performance,csv,15,True
feature_build_timings,csv,15,True
feature_build_runtime,csv,15,True
feature_construction_audit,csv,15,True
feature_engineering_diagnostics,csv,15,True
feature_persistence_validation,csv,15,True
feature_summary,csv,15,True
upstream_integrity_checks,csv,15,True
registry_save_checks,csv,15,True
feature_save_checks,csv,15,True
feature_reload_checks,csv,15,True
validation_checks,csv,15,True
validation_feature_diagnostics,csv,15,True
validation_coverage,csv,15,True
validation_sample_hash,csv,15,True
evaluation_checks,csv,15,True
evaluation_target_catalog,csv,15,True
evaluation_family_coverage,csv,15,True
univariate_cells,csv,15,True
quintile_edges,csv,15,True
quintile_results,csv,15,True
year_stability,csv,15,True
thinning_results,csv,15,True
overlap_audit,csv,15,True
candidate_correlation,csv,15,True
incremental_summary,csv,15,True
feature_verdicts,csv,15,True
garch_parameters,csv,15,True
garch_fit_diagnostics,csv,15,True
garch_residual_diagnostics,csv,15,True
garch_calibration,csv,15,True
garch_benchmarks,csv,15,True
garch_audit_checks,csv,15,True
garch_warnings,csv,15,True
figure_manifest,csv,15,True
