feature_name,bollinger_zscore_20,bollinger_bandwidth_20,cutler_rsi_14,chaikin_money_flow_20,amihud_illiquidity_60,parkinson_volatility_30,rogers_satchell_volatility_30,realized_semivariance_balance_60,bipower_jump_ratio_60,variance_ratio_60_5,return_sign_entropy_60,volatility_of_volatility_60
bollinger_zscore_20,1,-0.0028777849213049646,0.87996833272249619,0.49241446797288968,-0.0022142136836746061,-0.0065435904492983851,-0.0084295332244711026,0.34953821806735513,0.0098286750325559894,0.0063069495603344265,0.007912975937540534,-0.0050845186904890935
bollinger_bandwidth_20,-0.0028777849213049646,1,-0.0011170554651838372,-0.0057279887352238296,-0.37113005727630377,0.76683286980046661,0.74111707500912127,-0.028763259399676031,0.038660707568828397,0.24536493176715823,-0.49738186969865084,0.21191010711569783
cutler_rsi_14,0.87996833272249619,-0.0011170554651838372,1,0.50718735962576389,-0.0025794181016782179,-0.0078011000393701799,-0.0097786261443348396,0.36493034925164552,0.011260711619746165,0.0074531691328474804,0.0098690150482253665,-0.0045750050170275027
chaikin_money_flow_20,0.49241446797288968,-0.0057279887352238296,0.50718735962576389,1,-0.0078497077767674135,-0.010723744601255209,-0.011599609377821124,0.21920549728349437,0.007663572766878908,0.0050901823277940683,0.011094082874356844,-0.0012164024472270253
amihud_illiquidity_60,-0.0022142136836746061,-0.37113005727630377,-0.0025794181016782179,-0.0078497077767674135,1,-0.50187580868676018,-0.51661924396995051,0.014090684422943147,-0.030922753952916347,-0.14840695725797978,0.34666184021893132,-0.19536773766188961
parkinson_volatility_30,-0.0065435904492983851,0.76683286980046661,-0.0078011000393701799,-0.010723744601255209,-0.50187580868676018,1,0.98743578662239173,-0.039557489501766442,0.018309868844679101,0.10016970943188562,-0.65255536372403622,0.27894464531351248
rogers_satchell_volatility_30,-0.0084295332244711026,0.74111707500912127,-0.0097786261443348396,-0.011599609377821124,-0.51661924396995051,0.98743578662239173,1,-0.041181104921540895,0.012772007742626648,0.10812977446471798,-0.64076303165305382,0.27249710000268901
realized_semivariance_balance_60,0.34953821806735513,-0.028763259399676031,0.36493034925164552,0.21920549728349437,0.014090684422943147,-0.039557489501766442,-0.041181104921540895,1,0.033321339645594063,0.013043295352038511,0.025990823097655498,-0.010692069378480258
bipower_jump_ratio_60,0.0098286750325559894,0.038660707568828397,0.011260711619746165,0.007663572766878908,-0.030922753952916347,0.018309868844679101,0.012772007742626648,0.033321339645594063,1,-0.014853044368337235,0.23252912282374205,0.11738936017513585
variance_ratio_60_5,0.0063069495603344265,0.24536493176715823,0.0074531691328474804,0.0050901823277940683,-0.14840695725797978,0.10016970943188562,0.10812977446471798,0.013043295352038511,-0.014853044368337235,1,-0.099001016613735712,0.021909607450386462
return_sign_entropy_60,0.007912975937540534,-0.49738186969865084,0.0098690150482253665,0.011094082874356844,0.34666184021893132,-0.65255536372403622,-0.64076303165305382,0.025990823097655498,0.23252912282374205,-0.099001016613735712,1,-0.056844771585134277
volatility_of_volatility_60,-0.0050845186904890935,0.21191010711569783,-0.0045750050170275027,-0.0012164024472270253,-0.19536773766188961,0.27894464531351248,0.27249710000268901,-0.010692069378480258,0.11738936017513585,0.021909607450386462,-0.056844771585134277,1
