feature_name,complete_history_bars,expected_first_valid_run_position,first_valid_full_position,full_finite_count,mapped_finite_count,mapped_null_count,mapped_minimum,mapped_maximum,minimum_mapped_run_position
bollinger_zscore_20,20,19,19,1611494,424133,173,-4.3353069491753793,4.3190088180102624,19
bollinger_bandwidth_20,20,19,19,1611494,424133,173,0.00013965207752066188,0.024496160723671868,19
cutler_rsi_14,15,14,14,1625810,424180,126,0,100,14
chaikin_money_flow_20,20,19,19,1611494,424133,173,-0.74881409802976195,0.73201803687586431,19
amihud_illiquidity_60,61,60,60,1525070,423702,604,0.1362902112275628,4.2407156538051058,60
parkinson_volatility_30,30,29,29,1586455,424047,259,0.47297978951242392,21.636384674748982,29
rogers_satchell_volatility_30,30,29,29,1586455,424047,259,0.37108280777950237,23.668699024995732,29
realized_semivariance_balance_60,61,60,60,1525070,423702,604,-0.97053227746774051,0.99234711277442,60
bipower_jump_ratio_60,62,61,61,1523315,423690,616,0,0.9601334378354951,61
variance_ratio_60_5,65,64,64,1518088,423654,652,0.13449769207532,3.7546120397663003,64
return_sign_entropy_60,61,60,60,1525070,423702,604,0.55603264987638901,0.99999999999999978,60
volatility_of_volatility_60,75,74,74,1501035,423544,762,0.042621310051173478,2.1900528030998072,74
