feature_name,calculation_scope,mapping_scope,availability,continuity_policy,complete_history_bars,intermediate_dtype,matrix_dtype
bollinger_zscore_20,full sorted GC history,exact decision_bar_id after construction,close of decision bar t,complete window within build_continuity_run_id,20,float64,float32
bollinger_bandwidth_20,full sorted GC history,exact decision_bar_id after construction,close of decision bar t,complete window within build_continuity_run_id,20,float64,float32
cutler_rsi_14,full sorted GC history,exact decision_bar_id after construction,close of decision bar t,complete window within build_continuity_run_id,15,float64,float32
chaikin_money_flow_20,full sorted GC history,exact decision_bar_id after construction,close of decision bar t,complete window within build_continuity_run_id,20,float64,float32
amihud_illiquidity_60,full sorted GC history,exact decision_bar_id after construction,close of decision bar t,complete window within build_continuity_run_id,61,float64,float32
parkinson_volatility_30,full sorted GC history,exact decision_bar_id after construction,close of decision bar t,complete window within build_continuity_run_id,30,float64,float32
rogers_satchell_volatility_30,full sorted GC history,exact decision_bar_id after construction,close of decision bar t,complete window within build_continuity_run_id,30,float64,float32
realized_semivariance_balance_60,full sorted GC history,exact decision_bar_id after construction,close of decision bar t,complete window within build_continuity_run_id,61,float64,float32
bipower_jump_ratio_60,full sorted GC history,exact decision_bar_id after construction,close of decision bar t,complete window within build_continuity_run_id,62,float64,float32
variance_ratio_60_5,full sorted GC history,exact decision_bar_id after construction,close of decision bar t,complete window within build_continuity_run_id,65,float64,float32
return_sign_entropy_60,full sorted GC history,exact decision_bar_id after construction,close of decision bar t,complete window within build_continuity_run_id,61,float64,float32
volatility_of_volatility_60,full sorted GC history,exact decision_bar_id after construction,close of decision bar t,complete window within build_continuity_run_id,75,float64,float32
