feature_name,hypothesis_id,book_chapter,source_pdf_page,validation_passed,overlap_veto,overlap_reference,any_development_screen_pass,any_validation_confirmation_pass,any_screened_validation_confirmation_pass,any_monotonicity_pass,any_thinning_pass,any_year_stability_pass,any_session_stability_pass,any_economic_gate_pass,any_incremental_gate_pass,directional_cells_passed,expansion_cells_passed,risk_state_cells_passed,primary_target_family,primary_horizon_minutes,primary_session,development_result,validation_result,session_stability,year_stability,redundancy_result,incremental_information_result,economic_interpretation,authorization_gate_open,authorization_gate_reason,pre_authorization_verdict,verdict,final_decision,verdict_reason,garch_audit_verdict
bollinger_zscore_20,MLAT-H001,4 / Appendix,131-133; 740-742,True,False,__MLAT_CSV_NULL_V1__,True,True,True,True,True,True,True,True,True,0,0,0,direction,120,London,34/48 cells pass the Development screen; max |Development daily IC|=0.2242,34/34 Development-screened cells confirmed in Validation; max |confirmed Validation daily IC|=0.2171,MIXED: at least one family/horizon meets the cross-session gate and at least one does not,MIXED: at least one evaluated cell has stable annual IC signs and at least one does not,PASS: no exact or >=0.995 existing-feature overlap,15/32 60/180 horizon-control tests pass,"No incremental, stable, nonredundant economic interpretation is supported.",False,"frozen v1 horizon-thinning gate is structurally non-evaluable: 0/384 required 60/180-minute feature-family-session-partition cells have finite thinned daily-IC evidence under the >=10 observations-per-New-York-date rule, including 0 Development cells; advancement is not authorized",ECONOMICALLY_TRIVIAL,RESEARCH_ONLY,RESEARCH_ONLY,"frozen v1 horizon-thinning gate is structurally non-evaluable: 0/384 required 60/180-minute feature-family-session-partition cells have finite thinned daily-IC evidence under the >=10 observations-per-New-York-date rule, including 0 Development cells; advancement is not authorized",REJECTED_IMPLEMENTATION
bollinger_bandwidth_20,MLAT-H002,Appendix,740-742,True,False,__MLAT_CSV_NULL_V1__,True,True,True,True,True,True,True,True,True,0,0,0,expansion,180,New York,35/48 cells pass the Development screen; max |Development daily IC|=0.5468,34/35 Development-screened cells confirmed in Validation; max |confirmed Validation daily IC|=0.5570,MIXED: at least one family/horizon meets the cross-session gate and at least one does not,MIXED: at least one evaluated cell has stable annual IC signs and at least one does not,PASS: no exact or >=0.995 existing-feature overlap,20/32 60/180 horizon-control tests pass,"No incremental, stable, nonredundant economic interpretation is supported.",False,"frozen v1 horizon-thinning gate is structurally non-evaluable: 0/384 required 60/180-minute feature-family-session-partition cells have finite thinned daily-IC evidence under the >=10 observations-per-New-York-date rule, including 0 Development cells; advancement is not authorized",WEAK_OR_UNSTABLE,RESEARCH_ONLY,RESEARCH_ONLY,"frozen v1 horizon-thinning gate is structurally non-evaluable: 0/384 required 60/180-minute feature-family-session-partition cells have finite thinned daily-IC evidence under the >=10 observations-per-New-York-date rule, including 0 Development cells; advancement is not authorized",REJECTED_IMPLEMENTATION
cutler_rsi_14,MLAT-H003,4,132,True,False,__MLAT_CSV_NULL_V1__,True,True,True,True,True,True,True,True,True,0,0,0,direction,120,London,30/48 cells pass the Development screen; max |Development daily IC|=0.2267,30/30 Development-screened cells confirmed in Validation; max |confirmed Validation daily IC|=0.2152,MIXED: at least one family/horizon meets the cross-session gate and at least one does not,MIXED: at least one evaluated cell has stable annual IC signs and at least one does not,PASS: no exact or >=0.995 existing-feature overlap,17/32 60/180 horizon-control tests pass,"No incremental, stable, nonredundant economic interpretation is supported.",False,"frozen v1 horizon-thinning gate is structurally non-evaluable: 0/384 required 60/180-minute feature-family-session-partition cells have finite thinned daily-IC evidence under the >=10 observations-per-New-York-date rule, including 0 Development cells; advancement is not authorized",ECONOMICALLY_TRIVIAL,RESEARCH_ONLY,RESEARCH_ONLY,"frozen v1 horizon-thinning gate is structurally non-evaluable: 0/384 required 60/180-minute feature-family-session-partition cells have finite thinned daily-IC evidence under the >=10 observations-per-New-York-date rule, including 0 Development cells; advancement is not authorized",REJECTED_IMPLEMENTATION
chaikin_money_flow_20,MLAT-H004,Appendix,752-753,True,False,__MLAT_CSV_NULL_V1__,True,True,True,True,True,True,True,True,True,0,0,0,direction,180,New York,16/48 cells pass the Development screen; max |Development daily IC|=0.1311,16/16 Development-screened cells confirmed in Validation; max |confirmed Validation daily IC|=0.1394,MIXED: at least one family/horizon meets the cross-session gate and at least one does not,MIXED: at least one evaluated cell has stable annual IC signs and at least one does not,PASS: no exact or >=0.995 existing-feature overlap,11/32 60/180 horizon-control tests pass,"No incremental, stable, nonredundant economic interpretation is supported.",False,"frozen v1 horizon-thinning gate is structurally non-evaluable: 0/384 required 60/180-minute feature-family-session-partition cells have finite thinned daily-IC evidence under the >=10 observations-per-New-York-date rule, including 0 Development cells; advancement is not authorized",ECONOMICALLY_TRIVIAL,RESEARCH_ONLY,RESEARCH_ONLY,"frozen v1 horizon-thinning gate is structurally non-evaluable: 0/384 required 60/180-minute feature-family-session-partition cells have finite thinned daily-IC evidence under the >=10 observations-per-New-York-date rule, including 0 Development cells; advancement is not authorized",REJECTED_IMPLEMENTATION
amihud_illiquidity_60,MLAT-H005,20 / Appendix,656; 752,True,False,__MLAT_CSV_NULL_V1__,True,True,True,True,True,True,True,True,True,0,0,0,expansion,180,New York,34/48 cells pass the Development screen; max |Development daily IC|=0.6203,33/34 Development-screened cells confirmed in Validation; max |confirmed Validation daily IC|=0.6251,MIXED: at least one family/horizon meets the cross-session gate and at least one does not,MIXED: at least one evaluated cell has stable annual IC signs and at least one does not,PASS: no exact or >=0.995 existing-feature overlap,19/32 60/180 horizon-control tests pass,"No incremental, stable, nonredundant economic interpretation is supported.",False,"frozen v1 horizon-thinning gate is structurally non-evaluable: 0/384 required 60/180-minute feature-family-session-partition cells have finite thinned daily-IC evidence under the >=10 observations-per-New-York-date rule, including 0 Development cells; advancement is not authorized",WEAK_OR_UNSTABLE,RESEARCH_ONLY,RESEARCH_ONLY,"frozen v1 horizon-thinning gate is structurally non-evaluable: 0/384 required 60/180-minute feature-family-session-partition cells have finite thinned daily-IC evidence under the >=10 observations-per-New-York-date rule, including 0 Development cells; advancement is not authorized",REJECTED_IMPLEMENTATION
parkinson_volatility_30,MLAT-H006,9,297-301,True,False,__MLAT_CSV_NULL_V1__,True,True,True,True,True,True,True,True,True,0,0,0,expansion,180,New York,35/48 cells pass the Development screen; max |Development daily IC|=0.7143,34/35 Development-screened cells confirmed in Validation; max |confirmed Validation daily IC|=0.7419,MIXED: at least one family/horizon meets the cross-session gate and at least one does not,MIXED: at least one evaluated cell has stable annual IC signs and at least one does not,PASS: no exact or >=0.995 existing-feature overlap,24/32 60/180 horizon-control tests pass,"No incremental, stable, nonredundant economic interpretation is supported.",False,"frozen v1 horizon-thinning gate is structurally non-evaluable: 0/384 required 60/180-minute feature-family-session-partition cells have finite thinned daily-IC evidence under the >=10 observations-per-New-York-date rule, including 0 Development cells; advancement is not authorized",WEAK_OR_UNSTABLE,RESEARCH_ONLY,RESEARCH_ONLY,"frozen v1 horizon-thinning gate is structurally non-evaluable: 0/384 required 60/180-minute feature-family-session-partition cells have finite thinned daily-IC evidence under the >=10 observations-per-New-York-date rule, including 0 Development cells; advancement is not authorized",REJECTED_IMPLEMENTATION
rogers_satchell_volatility_30,MLAT-H007,9,297-301,True,False,__MLAT_CSV_NULL_V1__,True,True,True,True,True,True,True,True,True,0,0,0,expansion,180,New York,36/48 cells pass the Development screen; max |Development daily IC|=0.6943,34/36 Development-screened cells confirmed in Validation; max |confirmed Validation daily IC|=0.7217,MIXED: at least one family/horizon meets the cross-session gate and at least one does not,MIXED: at least one evaluated cell has stable annual IC signs and at least one does not,PASS: no exact or >=0.995 existing-feature overlap,22/32 60/180 horizon-control tests pass,"No incremental, stable, nonredundant economic interpretation is supported.",False,"frozen v1 horizon-thinning gate is structurally non-evaluable: 0/384 required 60/180-minute feature-family-session-partition cells have finite thinned daily-IC evidence under the >=10 observations-per-New-York-date rule, including 0 Development cells; advancement is not authorized",WEAK_OR_UNSTABLE,RESEARCH_ONLY,RESEARCH_ONLY,"frozen v1 horizon-thinning gate is structurally non-evaluable: 0/384 required 60/180-minute feature-family-session-partition cells have finite thinned daily-IC evidence under the >=10 observations-per-New-York-date rule, including 0 Development cells; advancement is not authorized",REJECTED_IMPLEMENTATION
realized_semivariance_balance_60,MLAT-H008,5 / 9,169-178; 297-301,True,False,__MLAT_CSV_NULL_V1__,True,True,True,True,True,True,True,True,True,0,0,0,direction,180,New York,24/48 cells pass the Development screen; max |Development daily IC|=0.3538,22/24 Development-screened cells confirmed in Validation; max |confirmed Validation daily IC|=0.3323,MIXED: at least one family/horizon meets the cross-session gate and at least one does not,MIXED: at least one evaluated cell has stable annual IC signs and at least one does not,PASS: no exact or >=0.995 existing-feature overlap,15/32 60/180 horizon-control tests pass,"No incremental, stable, nonredundant economic interpretation is supported.",False,"frozen v1 horizon-thinning gate is structurally non-evaluable: 0/384 required 60/180-minute feature-family-session-partition cells have finite thinned daily-IC evidence under the >=10 observations-per-New-York-date rule, including 0 Development cells; advancement is not authorized",WEAK_OR_UNSTABLE,RESEARCH_ONLY,RESEARCH_ONLY,"frozen v1 horizon-thinning gate is structurally non-evaluable: 0/384 required 60/180-minute feature-family-session-partition cells have finite thinned daily-IC evidence under the >=10 observations-per-New-York-date rule, including 0 Development cells; advancement is not authorized",REJECTED_IMPLEMENTATION
bipower_jump_ratio_60,MLAT-H009,9,297-301,True,False,__MLAT_CSV_NULL_V1__,True,True,True,True,True,True,True,True,True,0,0,0,volatility,120,New York,10/48 cells pass the Development screen; max |Development daily IC|=0.0837,10/10 Development-screened cells confirmed in Validation; max |confirmed Validation daily IC|=0.0630,MIXED: at least one family/horizon meets the cross-session gate and at least one does not,MIXED: at least one evaluated cell has stable annual IC signs and at least one does not,PASS: no exact or >=0.995 existing-feature overlap,10/32 60/180 horizon-control tests pass,"No incremental, stable, nonredundant economic interpretation is supported.",False,"frozen v1 horizon-thinning gate is structurally non-evaluable: 0/384 required 60/180-minute feature-family-session-partition cells have finite thinned daily-IC evidence under the >=10 observations-per-New-York-date rule, including 0 Development cells; advancement is not authorized",WEAK_OR_UNSTABLE,RESEARCH_ONLY,RESEARCH_ONLY,"frozen v1 horizon-thinning gate is structurally non-evaluable: 0/384 required 60/180-minute feature-family-session-partition cells have finite thinned daily-IC evidence under the >=10 observations-per-New-York-date rule, including 0 Development cells; advancement is not authorized",REJECTED_IMPLEMENTATION
variance_ratio_60_5,MLAT-H010,9,280-296,True,False,__MLAT_CSV_NULL_V1__,True,True,True,True,True,True,True,True,True,0,0,0,expansion,120,New York,31/48 cells pass the Development screen; max |Development daily IC|=0.1109,31/31 Development-screened cells confirmed in Validation; max |confirmed Validation daily IC|=0.0801,MIXED: at least one family/horizon meets the cross-session gate and at least one does not,MIXED: at least one evaluated cell has stable annual IC signs and at least one does not,PASS: no exact or >=0.995 existing-feature overlap,20/32 60/180 horizon-control tests pass,"No incremental, stable, nonredundant economic interpretation is supported.",False,"frozen v1 horizon-thinning gate is structurally non-evaluable: 0/384 required 60/180-minute feature-family-session-partition cells have finite thinned daily-IC evidence under the >=10 observations-per-New-York-date rule, including 0 Development cells; advancement is not authorized",WEAK_OR_UNSTABLE,RESEARCH_ONLY,RESEARCH_ONLY,"frozen v1 horizon-thinning gate is structurally non-evaluable: 0/384 required 60/180-minute feature-family-session-partition cells have finite thinned daily-IC evidence under the >=10 observations-per-New-York-date rule, including 0 Development cells; advancement is not authorized",REJECTED_IMPLEMENTATION
return_sign_entropy_60,MLAT-H011,6,192,True,False,__MLAT_CSV_NULL_V1__,True,True,True,True,True,True,True,True,True,0,0,0,expansion,180,New York,35/48 cells pass the Development screen; max |Development daily IC|=0.4604,34/35 Development-screened cells confirmed in Validation; max |confirmed Validation daily IC|=0.4429,MIXED: at least one family/horizon meets the cross-session gate and at least one does not,MIXED: at least one evaluated cell has stable annual IC signs and at least one does not,PASS: no exact or >=0.995 existing-feature overlap,21/32 60/180 horizon-control tests pass,"No incremental, stable, nonredundant economic interpretation is supported.",False,"frozen v1 horizon-thinning gate is structurally non-evaluable: 0/384 required 60/180-minute feature-family-session-partition cells have finite thinned daily-IC evidence under the >=10 observations-per-New-York-date rule, including 0 Development cells; advancement is not authorized",WEAK_OR_UNSTABLE,RESEARCH_ONLY,RESEARCH_ONLY,"frozen v1 horizon-thinning gate is structurally non-evaluable: 0/384 required 60/180-minute feature-family-session-partition cells have finite thinned daily-IC evidence under the >=10 observations-per-New-York-date rule, including 0 Development cells; advancement is not authorized",REJECTED_IMPLEMENTATION
volatility_of_volatility_60,MLAT-H012,9,297-301,True,False,__MLAT_CSV_NULL_V1__,True,True,True,True,True,True,True,True,True,0,0,0,volatility,15,New York,29/48 cells pass the Development screen; max |Development daily IC|=0.1800,29/29 Development-screened cells confirmed in Validation; max |confirmed Validation daily IC|=0.2082,MIXED: at least one family/horizon meets the cross-session gate and at least one does not,MIXED: at least one evaluated cell has stable annual IC signs and at least one does not,PASS: no exact or >=0.995 existing-feature overlap,15/32 60/180 horizon-control tests pass,"No incremental, stable, nonredundant economic interpretation is supported.",False,"frozen v1 horizon-thinning gate is structurally non-evaluable: 0/384 required 60/180-minute feature-family-session-partition cells have finite thinned daily-IC evidence under the >=10 observations-per-New-York-date rule, including 0 Development cells; advancement is not authorized",WEAK_OR_UNSTABLE,RESEARCH_ONLY,RESEARCH_ONLY,"frozen v1 horizon-thinning gate is structurally non-evaluable: 0/384 required 60/180-minute feature-family-session-partition cells have finite thinned daily-IC evidence under the >=10 observations-per-New-York-date rule, including 0 Development cells; advancement is not authorized",REJECTED_IMPLEMENTATION
