feature_name,count,mean,std,min,25%,50%,75%,max,missing_fraction
bollinger_zscore_20,424133,0.0038668008055537939,1.322717547416687,-4.3353071212768555,-1.0679079294204712,0.015053141862154007,1.0782090425491333,4.3190088272094727,0.00040772461384001169
bollinger_bandwidth_20,424133,0.0018108910880982876,0.0013771745143458247,0.00013965208199806511,0.00096550810849294066,0.001441113417968154,0.0022079385817050934,0.024496160447597504,0.00040772461384001169
cutler_rsi_14,424180,50.147575378417969,16.297582626342773,0,38.775508880615234,50,61.538459777832031,100,0.00029695549909734955
chaikin_money_flow_20,424133,0.0046918005682528019,0.16287016868591309,-0.74881410598754883,-0.10671596229076385,0.0044559119269251823,0.115953229367733,0.73201805353164673,0.00040772461384001169
amihud_illiquidity_60,423702,0.88852763175964355,0.43514490127563477,0.13629020750522614,0.55891323089599609,0.80550491809844971,1.1323747634887695,4.240715503692627,0.0014235009639269772
parkinson_volatility_30,424047,2.6542415618896484,1.480329155921936,0.47297978401184082,1.6498115062713623,2.2741289138793945,3.2725784778594971,21.636384963989258,0.00061040852592232967
rogers_satchell_volatility_30,424047,2.655442476272583,1.5014536380767822,0.37108281254768372,1.6350847482681274,2.2768845558166504,3.2897846698760986,23.668699264526367,0.00061040852592232967
realized_semivariance_balance_60,423702,0.009332084096968174,0.25537526607513428,-0.97053229808807373,-0.1639883816242218,0.0099150333553552628,0.17945340275764465,0.9923471212387085,0.0014235009639269772
bipower_jump_ratio_60,423690,0.067560009658336639,0.095380216836929321,0,0,0.021543346345424652,0.10988829284906387,0.96013343334197998,0.0014517824400314867
variance_ratio_60_5,423654,0.88935285806655884,0.26888030767440796,0.13449768722057343,0.69651252031326294,0.85932183265686035,1.0478218793869019,3.7546119689941406,0.0015366268683450152
return_sign_entropy_60,423702,0.84056299924850464,0.077985987067222595,0.55603265762329102,0.77994656562805176,0.83930373191833496,0.90189725160598755,1,0.0014235009639269772
volatility_of_volatility_60,423544,0.23875033855438232,0.11779153347015381,0.04262131080031395,0.16503068804740906,0.21315214037895203,0.27840662002563477,2.1900527477264404,0.0017958737326363521
