period,diagnostic,lags,n_observations,statistic,p_value,significance,passed
fit,ljung_box_standardized_residual,10,541160,502.32404601054009,1.4069155171774036e-101,0.01,False
fit,ljung_box_squared_standardized_residual,10,541160,73.030215152541615,1.148732381322262e-11,0.01,False
fit,ljung_box_standardized_residual,20,541160,538.11611252817738,2.9726253411441309e-101,0.01,False
fit,ljung_box_squared_standardized_residual,20,541160,88.427279357660069,1.3944668167698362e-10,0.01,False
fit,arch_lm_standardized_residual,20,518601,72.482940590744775,7.125192401825091e-08,0.01,False
development_audit,ljung_box_standardized_residual,10,330543,186.10907171909582,1.2604771622477984e-34,0.01,False
development_audit,ljung_box_squared_standardized_residual,10,330543,35.575298876498088,9.9555773878287656e-05,0.01,False
development_audit,ljung_box_standardized_residual,20,330543,211.084585318688,7.1275338901851505e-34,0.01,False
development_audit,ljung_box_squared_standardized_residual,20,330543,45.62758327565485,0.00090643891800807935,0.01,False
development_audit,arch_lm_standardized_residual,20,313601,34.406713703231546,0.023501527170618614,0.01,True
validation,ljung_box_standardized_residual,10,336415,90.233882031605233,4.8133992372323082e-15,0.01,False
validation,ljung_box_squared_standardized_residual,10,336415,13.119230234529057,0.21708173328905667,0.01,True
validation,ljung_box_standardized_residual,20,336415,122.5718056953735,9.5051950105309522e-17,0.01,False
validation,ljung_box_squared_standardized_residual,20,336415,22.008090014911115,0.340071817448445,0.01,True
validation,arch_lm_standardized_residual,20,322020,20.217409405146974,0.44440569536356261,0.01,True
