feature_name,target_family,horizon_minutes,entry_session,control_set,eligible_dates_development,eligible_dates_validation,finite_observations_development,finite_observations_validation,mean_daily_partial_ic_development,mean_daily_partial_ic_validation,development_threshold,development_sample_pass,validation_sample_pass,development_magnitude_pass,validation_sign_agreement,validation_magnitude_retention,validation_retention_pass,incremental_pass
amihud_illiquidity_60,direction,60,London,atr_20,635,244,113793,43612,0.0094514210831769755,0.029968375630764911,0.02,True,True,False,True,3.1707798612535654,True,False
amihud_illiquidity_60,direction,60,London,frozen_15,635,244,113793,43612,0.017429208210687216,-0.029853569505183086,0.01,True,True,True,False,1.7128471439613373,True,False
amihud_illiquidity_60,direction,60,New York,atr_20,638,246,188760,72895,0.017389825707764855,0.045982620813509817,0.02,True,True,False,True,2.6442255135988963,True,False
amihud_illiquidity_60,direction,60,New York,frozen_15,638,246,188760,72895,0.0094248196494320542,0.0408056259356235,0.01,True,True,False,True,4.329592231304126,True,False
amihud_illiquidity_60,direction,180,London,atr_20,635,244,113793,43612,0.0073229744464342597,0.017185354565290585,0.02,True,True,False,True,2.3467724339333951,True,False
amihud_illiquidity_60,direction,180,London,frozen_15,635,244,113793,43612,0.0088527395019246842,-0.00616011012826005,0.01,True,True,False,False,0.69584224486903445,True,False
amihud_illiquidity_60,direction,180,New York,atr_20,638,246,188760,72895,0.020521025817092274,0.067345128199806689,0.02,True,True,True,True,3.2817622666657291,True,True
amihud_illiquidity_60,direction,180,New York,frozen_15,638,246,188760,72895,0.026703792767637874,0.073914956862869863,0.01,True,True,True,True,2.7679572525909819,True,True
amihud_illiquidity_60,expansion,60,London,atr_20,635,244,113793,43612,0.098747764865206603,0.11347935265041253,0.02,True,True,True,True,1.1491840124717247,True,True
amihud_illiquidity_60,expansion,60,London,frozen_15,635,244,113793,43612,0.087460398790668192,0.10294634841211252,0.01,True,True,True,True,1.1770624172262136,True,True
amihud_illiquidity_60,expansion,60,New York,atr_20,638,246,188760,72895,0.19981727314896852,0.091368214222565247,0.02,True,True,True,True,0.45725883845110865,True,True
amihud_illiquidity_60,expansion,60,New York,frozen_15,638,246,188760,72895,0.035651584878887262,-0.016676933495204993,0.01,True,True,True,False,0.46777537525634694,True,False
amihud_illiquidity_60,expansion,180,London,atr_20,635,244,113793,43612,0.10053963741723504,0.13083101541216974,0.02,True,True,True,True,1.3012879176123027,True,True
amihud_illiquidity_60,expansion,180,London,frozen_15,635,244,113793,43612,0.045359699078615069,0.039526219470528007,0.01,True,True,True,True,0.87139509902883661,True,True
amihud_illiquidity_60,expansion,180,New York,atr_20,638,246,188760,72895,0.36662647222175465,0.25395887448186555,0.02,True,True,True,True,0.69269104585622532,True,True
amihud_illiquidity_60,expansion,180,New York,frozen_15,638,246,188760,72895,0.063368153225219853,-0.00081749011702809092,0.01,True,True,True,False,0.012900646072524937,False,False
amihud_illiquidity_60,path_risk,60,London,atr_20,635,244,113793,43612,0.10471884648076234,0.11980820915887039,0.02,True,True,True,True,1.1440940497838665,True,True
amihud_illiquidity_60,path_risk,60,London,frozen_15,635,244,113793,43612,0.078897104962401821,0.1113229618331792,0.01,True,True,True,True,1.4109891850433527,True,True
amihud_illiquidity_60,path_risk,60,New York,atr_20,638,246,188760,72895,0.18205108183082677,0.091874904905545965,0.02,True,True,True,True,0.50466552564033573,True,True
amihud_illiquidity_60,path_risk,60,New York,frozen_15,638,246,188760,72895,0.047508167040616486,0.0014758257153633871,0.01,True,True,True,True,0.031064673871792382,False,False
amihud_illiquidity_60,path_risk,180,London,atr_20,635,244,113793,43612,0.10498918825200876,0.10986959020482692,0.02,True,True,True,True,1.0464848050934881,True,True
amihud_illiquidity_60,path_risk,180,London,frozen_15,635,244,113793,43612,0.046651386444273663,0.039782510256215688,0.01,True,True,True,True,0.85276158520469625,True,True
amihud_illiquidity_60,path_risk,180,New York,atr_20,638,246,188760,72895,0.32614759576576302,0.22930822653081365,0.02,True,True,True,True,0.70308114947902678,True,True
amihud_illiquidity_60,path_risk,180,New York,frozen_15,638,246,188760,72895,0.071482045264292832,0.011852510745999809,0.01,True,True,True,True,0.16581101872753004,False,False
amihud_illiquidity_60,volatility,60,London,atr_20,635,244,113793,43612,-0.041448980480482719,0.020856032979666324,0.02,True,True,True,False,0.50317360615146867,True,False
amihud_illiquidity_60,volatility,60,London,frozen_15,635,244,113793,43612,-0.070964561241944307,-0.061197264450596388,0.01,True,True,True,True,0.86236374014844386,True,True
amihud_illiquidity_60,volatility,60,New York,atr_20,638,246,188760,72895,0.19451129722550445,0.030844013749694098,0.02,True,True,True,True,0.15857183716139348,False,False
amihud_illiquidity_60,volatility,60,New York,frozen_15,638,246,188760,72895,-0.088910525619172814,-0.15807902561595114,0.01,True,True,True,True,1.7779562601288088,True,True
amihud_illiquidity_60,volatility,180,London,atr_20,635,244,113793,43612,0.072451439569590811,0.10541198327224986,0.02,True,True,True,True,1.4549329026236932,True,True
amihud_illiquidity_60,volatility,180,London,frozen_15,635,244,113793,43612,-0.0029049764402248822,0.01119018000179635,0.01,True,True,False,False,3.8520725493147503,True,False
amihud_illiquidity_60,volatility,180,New York,atr_20,638,246,188760,72895,0.5056063088338113,0.33243987942782621,0.02,True,True,True,True,0.65750737999018227,True,True
amihud_illiquidity_60,volatility,180,New York,frozen_15,638,246,188760,72895,-0.015012397119203574,-0.11691965587999026,0.01,True,True,True,True,7.7882069699867484,True,True
bipower_jump_ratio_60,direction,60,London,atr_20,634,244,113612,43612,-0.016963337533237043,0.012442273673593986,0.02,True,True,False,False,0.73348028648343933,True,False
bipower_jump_ratio_60,direction,60,London,frozen_15,634,244,113612,43612,-0.0097974045348501841,0.020448075119722769,0.01,True,True,False,False,2.0870910297709218,True,False
bipower_jump_ratio_60,direction,60,New York,atr_20,638,246,188756,72891,-0.0042594240224364879,-0.038649909830052315,0.02,True,True,False,True,9.073975642355439,True,False
bipower_jump_ratio_60,direction,60,New York,frozen_15,638,246,188756,72891,-0.0040283459797683862,-0.035883566819055135,0.01,True,True,False,True,8.907766859965264,True,False
bipower_jump_ratio_60,direction,180,London,atr_20,634,244,113612,43612,-0.017246102043621245,-0.040949218438146529,0.02,True,True,False,True,2.3744042760834918,True,False
bipower_jump_ratio_60,direction,180,London,frozen_15,634,244,113612,43612,-0.013370809889995016,0.0057096682302204401,0.01,True,True,True,False,0.42702486066254047,True,False
bipower_jump_ratio_60,direction,180,New York,atr_20,638,246,188756,72891,-0.019395678207024331,-0.047535409006679276,0.02,True,True,False,True,2.4508247919613284,True,False
bipower_jump_ratio_60,direction,180,New York,frozen_15,638,246,188756,72891,-0.012050052242878232,-0.013750183320509689,0.01,True,True,True,True,1.1410891042929927,True,True
bipower_jump_ratio_60,expansion,60,London,atr_20,634,244,113612,43612,0.013477734407847327,0.0022639066422783885,0.02,True,True,False,True,0.16797382807604835,False,False
bipower_jump_ratio_60,expansion,60,London,frozen_15,634,244,113612,43612,-0.010602859577993068,-0.013611791700572218,0.01,True,True,True,True,1.2837849639001526,True,True
bipower_jump_ratio_60,expansion,60,New York,atr_20,638,246,188756,72891,0.039216214362009338,0.030691542405678764,0.02,True,True,True,True,0.7826237923518482,True,True
bipower_jump_ratio_60,expansion,60,New York,frozen_15,638,246,188756,72891,-0.0065378722908046106,-0.013033394384761341,0.01,True,True,False,True,1.9935223273009715,True,False
bipower_jump_ratio_60,expansion,180,London,atr_20,634,244,113612,43612,0.0018026468831405049,-0.034527596872859612,0.02,True,True,False,False,19.153832731070938,True,False
bipower_jump_ratio_60,expansion,180,London,frozen_15,634,244,113612,43612,-0.0041653349059014768,-0.019034337496879935,0.01,True,True,False,True,4.5697015790763782,True,False
bipower_jump_ratio_60,expansion,180,New York,atr_20,638,246,188756,72891,0.096009097647796818,0.049930269949241157,0.02,True,True,True,True,0.52005769424484261,True,True
bipower_jump_ratio_60,expansion,180,New York,frozen_15,638,246,188756,72891,0.0022719320001895141,-0.012714423909616768,0.01,True,True,False,False,5.5963047787328977,True,False
bipower_jump_ratio_60,path_risk,60,London,atr_20,634,244,113612,43612,0.0052594251591761313,0.0085279265021871303,0.02,True,True,False,True,1.621456004047978,True,False
bipower_jump_ratio_60,path_risk,60,London,frozen_15,634,244,113612,43612,-0.0091850278207506932,-0.01690301901708139,0.01,True,True,False,True,1.8402795665892611,True,False
bipower_jump_ratio_60,path_risk,60,New York,atr_20,638,246,188756,72891,0.03128771309908511,0.019494887798101809,0.02,True,True,True,True,0.62308445926883238,True,True
bipower_jump_ratio_60,path_risk,60,New York,frozen_15,638,246,188756,72891,-0.0049167998871921812,-0.011842969392677842,0.01,True,True,False,True,2.4086742727780535,True,False
bipower_jump_ratio_60,path_risk,180,London,atr_20,634,244,113612,43612,0.012334611694559355,0.0034163546129716616,0.02,True,True,False,True,0.27697301687077619,True,False
bipower_jump_ratio_60,path_risk,180,London,frozen_15,634,244,113612,43612,0.00096950455570608287,0.0051146214130401357,0.01,True,True,False,True,5.2755001334833294,True,False
bipower_jump_ratio_60,path_risk,180,New York,atr_20,638,246,188756,72891,0.080456536042082624,0.034529394412132937,0.02,True,True,True,True,0.42916829521559824,True,True
bipower_jump_ratio_60,path_risk,180,New York,frozen_15,638,246,188756,72891,0.0020635522065513071,-0.01115923682524894,0.01,True,True,False,False,5.4077802295579973,True,False
bipower_jump_ratio_60,volatility,60,London,atr_20,634,244,113612,43612,0.010275075820760886,0.0057411936550854793,0.02,True,True,False,True,0.55874951730140465,True,False
bipower_jump_ratio_60,volatility,60,London,frozen_15,634,244,113612,43612,-0.01820300334014446,-0.0036812603054489426,0.01,True,True,True,True,0.20223367741357168,False,False
bipower_jump_ratio_60,volatility,60,New York,atr_20,638,246,188756,72891,0.060819093004660867,0.045832850402234504,0.02,True,True,True,True,0.75359312574296544,True,True
bipower_jump_ratio_60,volatility,60,New York,frozen_15,638,246,188756,72891,-0.016120625736954754,-0.00776654600114738,0.01,True,True,True,True,0.48177695629664247,True,True
bipower_jump_ratio_60,volatility,180,London,atr_20,634,244,113612,43612,0.019948136650363414,-0.008228696406896871,0.02,True,True,False,False,0.4125045136357115,True,False
bipower_jump_ratio_60,volatility,180,London,frozen_15,634,244,113612,43612,-0.0014155456247383483,-0.018305285736963127,0.01,True,True,False,True,12.931611257918094,True,False
bipower_jump_ratio_60,volatility,180,New York,atr_20,638,246,188756,72891,0.11089551357633541,0.089691998353636365,0.02,True,True,True,True,0.80879735763067173,True,True
bipower_jump_ratio_60,volatility,180,New York,frozen_15,638,246,188756,72891,-0.011449836107620246,-0.012502890516134516,0.01,True,True,True,True,1.0919711337888434,True,True
bollinger_bandwidth_20,direction,60,London,atr_20,636,244,113870,43612,-0.0068654109264106311,-0.020602191933191766,0.02,True,True,False,True,3.0008679966900376,True,False
bollinger_bandwidth_20,direction,60,London,frozen_15,635,244,113793,43612,-0.00096608870991469488,-0.022911876930129943,0.01,True,True,False,True,23.716121195695425,True,False
bollinger_bandwidth_20,direction,60,New York,atr_20,638,246,188860,72994,0.012685287150371869,0.006328976699426378,0.02,True,True,False,True,0.49892261991411396,True,False
bollinger_bandwidth_20,direction,60,New York,frozen_15,638,246,188760,72895,0.013686207601544303,0.010229362301076513,0.01,True,True,True,True,0.747421243261155,True,True
bollinger_bandwidth_20,direction,180,London,atr_20,636,244,113870,43612,-0.0038743462563336668,-0.028426675869815208,0.02,True,True,False,True,7.3371541904248021,True,False
bollinger_bandwidth_20,direction,180,London,frozen_15,635,244,113793,43612,-0.010342092944952414,-0.0048940837956193521,0.01,True,True,True,True,0.47321986194370552,True,True
bollinger_bandwidth_20,direction,180,New York,atr_20,638,246,188860,72994,0.004188260048506736,-0.011042263032302444,0.02,True,True,False,False,2.6364798041228132,True,False
bollinger_bandwidth_20,direction,180,New York,frozen_15,638,246,188760,72895,0.013634629691452162,-0.0142194482152529,0.01,True,True,True,False,1.0428921457373626,True,False
bollinger_bandwidth_20,expansion,60,London,atr_20,636,244,113870,43612,-0.098436782027904499,-0.090651671543995407,0.02,True,True,True,True,0.92091258649940222,True,True
bollinger_bandwidth_20,expansion,60,London,frozen_15,635,244,113793,43612,-0.059596533805818482,-0.066579900187579255,0.01,True,True,True,True,1.117177391633454,True,True
bollinger_bandwidth_20,expansion,60,New York,atr_20,638,246,188860,72994,-0.091504357060775393,-0.082783313721882787,0.02,True,True,True,True,0.90469258930369556,True,True
bollinger_bandwidth_20,expansion,60,New York,frozen_15,638,246,188760,72895,-0.044106751114005624,-0.042678146109847027,0.01,True,True,True,True,0.96761028713119257,True,True
bollinger_bandwidth_20,expansion,180,London,atr_20,636,244,113870,43612,-0.057411587573838851,-0.035807140523229974,0.02,True,True,True,True,0.62369187190960851,True,True
bollinger_bandwidth_20,expansion,180,London,frozen_15,635,244,113793,43612,-0.043745666334928157,-0.034437596003886725,0.01,True,True,True,True,0.78722303005339012,True,True
bollinger_bandwidth_20,expansion,180,New York,atr_20,638,246,188860,72994,-0.063939937250241927,-0.058099960816409939,0.02,True,True,True,True,0.90866465178131073,True,True
bollinger_bandwidth_20,expansion,180,New York,frozen_15,638,246,188760,72895,-0.038406888958618837,-0.029043539348033363,0.01,True,True,True,True,0.75620650710152726,True,True
bollinger_bandwidth_20,path_risk,60,London,atr_20,636,244,113870,43612,-0.098501250321657088,-0.10032046627441335,0.02,True,True,True,True,1.0184689630518962,True,True
bollinger_bandwidth_20,path_risk,60,London,frozen_15,635,244,113793,43612,-0.048611178561945634,-0.060287726381904015,0.01,True,True,True,True,1.2402029361431519,True,True
bollinger_bandwidth_20,path_risk,60,New York,atr_20,638,246,188860,72994,-0.087310924723678768,-0.076069445735718361,0.02,True,True,True,True,0.87124773877338502,True,True
bollinger_bandwidth_20,path_risk,60,New York,frozen_15,638,246,188760,72895,-0.041042749823304678,-0.034971370063073062,0.01,True,True,True,True,0.85207180838589436,True,True
bollinger_bandwidth_20,path_risk,180,London,atr_20,636,244,113870,43612,-0.060888784386161049,-0.016728534556967999,0.02,True,True,True,True,0.2747391777584921,True,True
bollinger_bandwidth_20,path_risk,180,London,frozen_15,635,244,113793,43612,-0.037566037549314563,-0.029143131732013747,0.01,True,True,True,True,0.77578402283595382,True,True
bollinger_bandwidth_20,path_risk,180,New York,atr_20,638,246,188860,72994,-0.06756235580395499,-0.053666899867029827,0.02,True,True,True,True,0.79433138806992654,True,True
bollinger_bandwidth_20,path_risk,180,New York,frozen_15,638,246,188760,72895,-0.051563927575270944,-0.027107140499406109,0.01,True,True,True,True,0.52569968530492939,True,True
bollinger_bandwidth_20,volatility,60,London,atr_20,636,244,113870,43612,-0.031049827892655257,0.0035479725212696528,0.02,True,True,True,False,0.11426705917777132,False,False
bollinger_bandwidth_20,volatility,60,London,frozen_15,635,244,113793,43612,-0.097579248845343206,-0.078296144454547897,0.01,True,True,True,True,0.80238519337899616,True,True
bollinger_bandwidth_20,volatility,60,New York,atr_20,638,246,188860,72994,-0.019424886783883814,0.016033230545469242,0.02,True,True,False,False,0.82539634458881284,True,False
bollinger_bandwidth_20,volatility,60,New York,frozen_15,638,246,188760,72895,-0.00088980511170824077,0.015589926405489606,0.01,True,True,False,False,17.520607827887378,True,False
bollinger_bandwidth_20,volatility,180,London,atr_20,636,244,113870,43612,-0.00029877497484838813,0.023413252855534555,0.02,True,True,False,False,78.364169781674292,True,False
bollinger_bandwidth_20,volatility,180,London,frozen_15,635,244,113793,43612,-0.073062592833148879,-0.086798832761445108,0.01,True,True,True,True,1.1880064667245702,True,True
bollinger_bandwidth_20,volatility,180,New York,atr_20,638,246,188860,72994,-0.0051896392641551025,0.0026742052791007228,0.02,True,True,False,False,0.51529694897514156,True,False
bollinger_bandwidth_20,volatility,180,New York,frozen_15,638,246,188760,72895,-0.014057239636728667,0.0079321317309450738,0.01,True,True,True,False,0.56427377891602915,True,False
bollinger_zscore_20,direction,60,London,atr_20,636,244,113870,43612,-0.24124347130250942,-0.20573728244375133,0.02,True,True,True,True,0.85282010465586955,True,True
bollinger_zscore_20,direction,60,London,frozen_15,635,244,113793,43612,-0.35812801260784666,-0.34988645109279248,0.01,True,True,True,True,0.97698710733338034,True,True
bollinger_zscore_20,direction,60,New York,atr_20,638,246,188860,72994,-0.15230950254578041,-0.16058312989987333,0.02,True,True,True,True,1.0543211501305119,True,True
bollinger_zscore_20,direction,60,New York,frozen_15,638,246,188760,72895,-0.24296718895510844,-0.24089483938615167,0.01,True,True,True,True,0.99147066080046031,True,True
bollinger_zscore_20,direction,180,London,atr_20,636,244,113870,43612,-0.24477954016599376,-0.22961588834887392,0.02,True,True,True,True,0.93805180037989766,True,True
bollinger_zscore_20,direction,180,London,frozen_15,635,244,113793,43612,-0.33411314228446864,-0.32361077676177319,0.01,True,True,True,True,0.96856643994640113,True,True
bollinger_zscore_20,direction,180,New York,atr_20,638,246,188860,72994,-0.21387822296259651,-0.20884052878804441,0.02,True,True,True,True,0.97644596955795215,True,True
bollinger_zscore_20,direction,180,New York,frozen_15,638,246,188760,72895,-0.34018098553531995,-0.33064960187153042,0.01,True,True,True,True,0.97198143321035235,True,True
bollinger_zscore_20,expansion,60,London,atr_20,636,244,113870,43612,-0.016671555958938645,-0.04538661358606963,0.02,True,True,False,True,2.7223981791414662,True,False
bollinger_zscore_20,expansion,60,London,frozen_15,635,244,113793,43612,-0.019757417889971127,-0.032620860248678926,0.01,True,True,True,True,1.6510690025561128,True,True
bollinger_zscore_20,expansion,60,New York,atr_20,638,246,188860,72994,-0.01771703755395811,-0.022396557089394163,0.02,True,True,False,True,1.2641253946199722,True,False
bollinger_zscore_20,expansion,60,New York,frozen_15,638,246,188760,72895,-0.014333577081064317,-0.015241135527458547,0.01,True,True,True,True,1.0633169543974601,True,True
bollinger_zscore_20,expansion,180,London,atr_20,636,244,113870,43612,0.007305127503229699,-0.021187102454466433,0.02,True,True,False,False,2.9003056339672808,True,False
bollinger_zscore_20,expansion,180,London,frozen_15,635,244,113793,43612,0.0033240052039896812,-0.033840815490890776,0.01,True,True,False,False,10.180734810605257,True,False
bollinger_zscore_20,expansion,180,New York,atr_20,638,246,188860,72994,-0.024749885665888489,-0.023809572413331086,0.02,True,True,True,True,0.9620073698419791,True,True
bollinger_zscore_20,expansion,180,New York,frozen_15,638,246,188760,72895,-0.024920559616388355,-0.013497238717550184,0.01,True,True,True,True,0.54161057878788876,True,True
bollinger_zscore_20,path_risk,60,London,atr_20,636,244,113870,43612,-0.012789755913734454,-0.054449932277325655,0.02,True,True,False,True,4.2573081647988174,True,False
bollinger_zscore_20,path_risk,60,London,frozen_15,635,244,113793,43612,-0.009943345970619008,-0.040905255937649335,0.01,True,True,False,True,4.1138321102894135,True,False
bollinger_zscore_20,path_risk,60,New York,atr_20,638,246,188860,72994,-0.0075140563792558662,-0.016339054229069099,0.02,True,True,False,True,2.1744652161749141,True,False
bollinger_zscore_20,path_risk,60,New York,frozen_15,638,246,188760,72895,-0.0027634632414127672,-0.0020132688008443447,0.01,True,True,False,True,0.7285310586635847,True,False
bollinger_zscore_20,path_risk,180,London,atr_20,636,244,113870,43612,0.0084075185252945311,-0.025039354101655097,0.02,True,True,False,False,2.978209804274909,True,False
bollinger_zscore_20,path_risk,180,London,frozen_15,635,244,113793,43612,0.008707285374969646,-0.063483769410129662,0.01,True,True,False,False,7.2908796112991725,True,False
bollinger_zscore_20,path_risk,180,New York,atr_20,638,246,188860,72994,-0.0053842032608137245,-0.014005228617169527,0.02,True,True,False,True,2.6011701153817306,True,False
bollinger_zscore_20,path_risk,180,New York,frozen_15,638,246,188760,72895,0.0031653130743583922,0.0046677387034345149,0.01,True,True,False,True,1.4746530892147733,True,False
bollinger_zscore_20,volatility,60,London,atr_20,636,244,113870,43612,-0.020908712027775125,-0.03691436452076665,0.02,True,True,True,True,1.7655015991290914,True,True
bollinger_zscore_20,volatility,60,London,frozen_15,635,244,113793,43612,-0.0082326766323707057,-0.028432686822953794,0.01,True,True,False,True,3.4536382385234332,True,False
bollinger_zscore_20,volatility,60,New York,atr_20,638,246,188860,72994,-0.036828749386462481,-0.012697995697013983,0.02,True,True,True,True,0.3447848734630537,True,True
bollinger_zscore_20,volatility,60,New York,frozen_15,638,246,188760,72895,-0.023860866124524427,-0.01368416896364298,0.01,True,True,True,True,0.57349841754395747,True,True
bollinger_zscore_20,volatility,180,London,atr_20,636,244,113870,43612,0.0070406553501426812,0.0030387920236506676,0.02,True,True,False,True,0.4316064162392334,True,False
bollinger_zscore_20,volatility,180,London,frozen_15,635,244,113793,43612,-0.0014453009556053967,-0.009104744742204034,0.01,True,True,False,True,6.2995493823570516,True,False
bollinger_zscore_20,volatility,180,New York,atr_20,638,246,188860,72994,-0.014932224762425979,0.0007620839665248043,0.02,True,True,False,False,0.051036197127332254,False,False
bollinger_zscore_20,volatility,180,New York,frozen_15,638,246,188760,72895,-0.013586869466302278,0.018474235307105413,0.01,True,True,True,False,1.3597124306614283,True,False
chaikin_money_flow_20,direction,60,London,atr_20,636,244,113870,43612,-0.13829251109404844,-0.10423066015712801,0.02,True,True,True,True,0.75369706813873649,True,True
chaikin_money_flow_20,direction,60,London,frozen_15,635,244,113793,43612,-0.21091698638158299,-0.18420927210899446,0.01,True,True,True,True,0.87337333644493698,True,True
chaikin_money_flow_20,direction,60,New York,atr_20,638,246,188860,72994,-0.099925598745005492,-0.10673785891180659,0.02,True,True,True,True,1.0681733234762487,True,True
chaikin_money_flow_20,direction,60,New York,frozen_15,638,246,188760,72895,-0.15144957571292739,-0.16161145537832317,0.01,True,True,True,True,1.067097445585834,True,True
chaikin_money_flow_20,direction,180,London,atr_20,636,244,113870,43612,-0.1501388541313167,-0.14442337374304692,0.02,True,True,True,True,0.96193203670469729,True,True
chaikin_money_flow_20,direction,180,London,frozen_15,635,244,113793,43612,-0.19431764323298564,-0.19880668368087287,0.01,True,True,True,True,1.0231015587323942,True,True
chaikin_money_flow_20,direction,180,New York,atr_20,638,246,188860,72994,-0.12937438735724446,-0.13257936513458138,0.02,True,True,True,True,1.0247728924001545,True,True
chaikin_money_flow_20,direction,180,New York,frozen_15,638,246,188760,72895,-0.21795715222813924,-0.22660795675184431,0.01,True,True,True,True,1.0396903906812387,True,True
chaikin_money_flow_20,expansion,60,London,atr_20,636,244,113870,43612,0.0028975547426955128,-0.044643226033825111,0.02,True,True,False,False,15.407207110190708,True,False
chaikin_money_flow_20,expansion,60,London,frozen_15,635,244,113793,43612,-0.015239393042298665,-0.026487999474155588,0.01,True,True,True,True,1.738126932000188,True,True
chaikin_money_flow_20,expansion,60,New York,atr_20,638,246,188860,72994,-0.004779205902368697,-0.010369358924743579,0.02,True,True,False,True,2.16968239840938,True,False
chaikin_money_flow_20,expansion,60,New York,frozen_15,638,246,188760,72895,0.0017389211066650009,-0.025302345072983429,0.01,True,True,False,False,14.550599780521191,True,False
chaikin_money_flow_20,expansion,180,London,atr_20,636,244,113870,43612,-0.0017397490883380821,0.0033998070006206879,0.02,True,True,False,False,1.9541938681907272,True,False
chaikin_money_flow_20,expansion,180,London,frozen_15,635,244,113793,43612,-0.00064834199454140375,-0.015686025561587113,0.01,True,True,False,True,24.194060686570857,True,False
chaikin_money_flow_20,expansion,180,New York,atr_20,638,246,188860,72994,-0.0064865738964080613,-0.0085339597290960672,0.02,True,True,False,True,1.3156343958128258,True,False
chaikin_money_flow_20,expansion,180,New York,frozen_15,638,246,188760,72895,-0.011917986873926695,-0.0095665312522058461,0.01,True,True,True,True,0.80269691126567755,True,True
chaikin_money_flow_20,path_risk,60,London,atr_20,636,244,113870,43612,-0.00087872638968723444,-0.049775413890931798,0.02,True,True,False,True,56.644951688145369,True,False
chaikin_money_flow_20,path_risk,60,London,frozen_15,635,244,113793,43612,-0.013907295527564692,-0.031685739920692103,0.01,True,True,True,True,2.2783538221281043,True,True
chaikin_money_flow_20,path_risk,60,New York,atr_20,638,246,188860,72994,0.003296104878722761,-0.0068990444053190943,0.02,True,True,False,False,2.0930900742431686,True,False
chaikin_money_flow_20,path_risk,60,New York,frozen_15,638,246,188760,72895,0.010395308814796649,-0.015340823731845655,0.01,True,True,True,False,1.4757448773440551,True,False
chaikin_money_flow_20,path_risk,180,London,atr_20,636,244,113870,43612,0.0047964856722721525,-0.012220935312052834,0.02,True,True,False,False,2.5478936344374881,True,False
chaikin_money_flow_20,path_risk,180,London,frozen_15,635,244,113793,43612,-0.0010014320487902403,-0.039182553139303695,0.01,True,True,False,True,39.126522050734629,True,False
chaikin_money_flow_20,path_risk,180,New York,atr_20,638,246,188860,72994,-0.0028461862620733558,0.0038040114425728455,0.02,True,True,False,False,1.3365293386672961,True,False
chaikin_money_flow_20,path_risk,180,New York,frozen_15,638,246,188760,72895,-0.00037697291230256069,0.0049505968437539138,0.01,True,True,False,False,13.132500193490124,True,False
chaikin_money_flow_20,volatility,60,London,atr_20,636,244,113870,43612,0.009680666055633811,-0.026263444632718482,0.02,True,True,False,False,2.7129790948045431,True,False
chaikin_money_flow_20,volatility,60,London,frozen_15,635,244,113793,43612,-0.0050249768668288375,-0.0042642242459790909,0.01,True,True,False,True,0.84860574665096078,True,False
chaikin_money_flow_20,volatility,60,New York,atr_20,638,246,188860,72994,-0.016867554003418331,0.0022538688889457308,0.02,True,True,False,False,0.13362156057060603,False,False
chaikin_money_flow_20,volatility,60,New York,frozen_15,638,246,188760,72895,-0.0078334328304635846,-0.0056050971378496135,0.01,True,True,False,True,0.71553522691250326,True,False
chaikin_money_flow_20,volatility,180,London,atr_20,636,244,113870,43612,0.011832899722671189,0.037472894460856457,0.02,True,True,False,True,3.1668395185552396,True,False
chaikin_money_flow_20,volatility,180,London,frozen_15,635,244,113793,43612,-0.0051829690023017507,0.016808225221866743,0.01,True,True,False,False,3.2429723609001382,True,False
chaikin_money_flow_20,volatility,180,New York,atr_20,638,246,188860,72994,-0.00010065570275644325,0.002196244465543637,0.02,True,True,False,False,21.819374415952296,True,False
chaikin_money_flow_20,volatility,180,New York,frozen_15,638,246,188760,72895,0.0025501835504797435,0.01510448182308206,0.01,True,True,False,True,5.9228998713604701,True,False
cutler_rsi_14,direction,60,London,atr_20,636,244,113870,43612,-0.23578295829995036,-0.19530768441385629,0.02,True,True,True,True,0.82833672892252197,True,True
cutler_rsi_14,direction,60,London,frozen_15,635,244,113793,43612,-0.32273330143853152,-0.30843610734321908,0.01,True,True,True,True,0.95569966275068297,True,True
cutler_rsi_14,direction,60,New York,atr_20,638,246,188860,72994,-0.1531917811513582,-0.16436658499943374,0.02,True,True,True,True,1.0729464972865252,True,True
cutler_rsi_14,direction,60,New York,frozen_15,638,246,188760,72895,-0.23353717171651608,-0.23498218651241431,0.01,True,True,True,True,1.0061875151834598,True,True
cutler_rsi_14,direction,180,London,atr_20,636,244,113870,43612,-0.24096696516825239,-0.22682337360671825,0.02,True,True,True,True,0.94130485250682172,True,True
cutler_rsi_14,direction,180,London,frozen_15,635,244,113793,43612,-0.30031580603011665,-0.2905280750811704,0.01,True,True,True,True,0.96740853877013488,True,True
cutler_rsi_14,direction,180,New York,atr_20,638,246,188860,72994,-0.21315496281162657,-0.20625557168043651,0.02,True,True,True,True,0.96763204083928678,True,True
cutler_rsi_14,direction,180,New York,frozen_15,638,246,188760,72895,-0.32624682549713602,-0.31540878132329259,0.01,True,True,True,True,0.96677961798608036,True,True
cutler_rsi_14,expansion,60,London,atr_20,636,244,113870,43612,-0.013145391384066504,-0.042835712926836252,0.02,True,True,False,True,3.2586106929275087,True,False
cutler_rsi_14,expansion,60,London,frozen_15,635,244,113793,43612,-0.019563814987742584,-0.020696720792141101,0.01,True,True,True,True,1.0579082252162129,True,True
cutler_rsi_14,expansion,60,New York,atr_20,638,246,188860,72994,-0.016861513142646514,-0.021261088818957708,0.02,True,True,False,True,1.260924131724791,True,False
cutler_rsi_14,expansion,60,New York,frozen_15,638,246,188760,72895,-0.012344152641344188,-0.010986188749621114,0.01,True,True,True,True,0.88999132373210821,True,True
cutler_rsi_14,expansion,180,London,atr_20,636,244,113870,43612,0.0073601186573874636,-0.021064355054968217,0.02,True,True,False,False,2.861958622613455,True,False
cutler_rsi_14,expansion,180,London,frozen_15,635,244,113793,43612,0.00084326012826083769,-0.019260876192997288,0.01,True,True,False,False,22.840966325209084,True,False
cutler_rsi_14,expansion,180,New York,atr_20,638,246,188860,72994,-0.023570272198172745,-0.027206813431165051,0.02,True,True,True,True,1.1542850758114802,True,True
cutler_rsi_14,expansion,180,New York,frozen_15,638,246,188760,72895,-0.023620966743950075,-0.010704028009329186,0.01,True,True,True,True,0.45315791370269626,True,True
cutler_rsi_14,path_risk,60,London,atr_20,636,244,113870,43612,-0.0099511198170540004,-0.049982664241171829,0.02,True,True,False,True,5.0228180506391542,True,False
cutler_rsi_14,path_risk,60,London,frozen_15,635,244,113793,43612,-0.011155255886653438,-0.02904296867465659,0.01,True,True,True,True,2.6035233050462496,True,True
cutler_rsi_14,path_risk,60,New York,atr_20,638,246,188860,72994,-0.0053557012370864182,-0.018135729558861564,0.02,True,True,False,True,3.3862474316673561,True,False
cutler_rsi_14,path_risk,60,New York,frozen_15,638,246,188760,72895,0.0020076049471070461,-0.0029073245732762522,0.01,True,True,False,False,1.4481557128386737,True,False
cutler_rsi_14,path_risk,180,London,atr_20,636,244,113870,43612,0.0076086311638183255,-0.025317550575350223,0.02,True,True,False,False,3.3274777066003591,True,False
cutler_rsi_14,path_risk,180,London,frozen_15,635,244,113793,43612,0.0051732257799581901,-0.05390354985073334,0.01,True,True,False,False,10.419717240945356,True,False
cutler_rsi_14,path_risk,180,New York,atr_20,638,246,188860,72994,-0.0027871990408652541,-0.018865770488569657,0.02,True,True,False,True,6.7687202140802238,True,False
cutler_rsi_14,path_risk,180,New York,frozen_15,638,246,188760,72895,0.0039781004984988429,0.0038318814739633431,0.01,True,True,False,True,0.96324400939828536,True,False
cutler_rsi_14,volatility,60,London,atr_20,636,244,113870,43612,-0.021165899591537436,-0.041088915490663444,0.02,True,True,True,True,1.9412789573608127,True,True
cutler_rsi_14,volatility,60,London,frozen_15,635,244,113793,43612,-0.011308450187740481,-0.036773916844324434,0.01,True,True,True,True,3.2518971418551348,True,True
cutler_rsi_14,volatility,60,New York,atr_20,638,246,188860,72994,-0.034044668874857548,-0.0088462949453023444,0.02,True,True,True,True,0.25984376519624353,True,True
cutler_rsi_14,volatility,60,New York,frozen_15,638,246,188760,72895,-0.021908126019988934,-0.0072545948288211129,0.01,True,True,True,True,0.33113716902130441,True,True
cutler_rsi_14,volatility,180,London,atr_20,636,244,113870,43612,0.0069798124251562533,0.0014621132870149263,0.02,True,True,False,True,0.20947744695047371,False,False
cutler_rsi_14,volatility,180,London,frozen_15,635,244,113793,43612,-0.0047325192546373244,-0.0015518776904304944,0.01,True,True,False,True,0.3279178819842799,True,False
cutler_rsi_14,volatility,180,New York,atr_20,638,246,188860,72994,-0.012713561964748059,-0.0012851935188644195,0.02,True,True,False,True,0.10108839068295584,False,False
cutler_rsi_14,volatility,180,New York,frozen_15,638,246,188760,72895,-0.01125473503456409,0.021943773771259532,0.01,True,True,True,False,1.9497370399097487,True,False
parkinson_volatility_30,direction,60,London,atr_20,636,244,113850,43612,0.0016933000883993475,-0.0084713373563920138,0.02,True,True,False,False,5.0028565015902462,True,False
parkinson_volatility_30,direction,60,London,frozen_15,635,244,113793,43612,-0.017532488516631882,0.0079152146220594233,0.01,True,True,True,False,0.45145984921369242,True,False
parkinson_volatility_30,direction,60,New York,atr_20,638,246,188850,72980,0.01521798844218398,-0.0063674331166041912,0.02,True,True,False,False,0.4184149002869384,True,False
parkinson_volatility_30,direction,60,New York,frozen_15,638,246,188760,72895,0.01634172909195164,0.0034208419324644238,0.01,True,True,True,True,0.209331700043247,False,False
parkinson_volatility_30,direction,180,London,atr_20,636,244,113850,43612,0.0010289824665797229,0.008889834199842888,0.02,True,True,False,True,8.6394418647308662,True,False
parkinson_volatility_30,direction,180,London,frozen_15,635,244,113793,43612,-0.0034217507448674029,0.023399481418411978,0.01,True,True,False,False,6.8384529333444295,True,False
parkinson_volatility_30,direction,180,New York,atr_20,638,246,188850,72980,0.018720757891478972,0.020715799064679852,0.02,True,True,False,True,1.1065683977521525,True,False
parkinson_volatility_30,direction,180,New York,frozen_15,638,246,188760,72895,0.013737172261214977,0.012466831350368121,0.01,True,True,True,True,0.90752529802414361,True,True
parkinson_volatility_30,expansion,60,London,atr_20,636,244,113850,43612,-0.059578920696204948,-0.06717563506495608,0.02,True,True,True,True,1.1275067470169029,True,True
parkinson_volatility_30,expansion,60,London,frozen_15,635,244,113793,43612,-0.083909019767177545,-0.082724179529642825,0.01,True,True,True,True,0.98587946515377844,True,True
parkinson_volatility_30,expansion,60,New York,atr_20,638,246,188850,72980,-0.034586333851782308,-0.028121895539824165,0.02,True,True,True,True,0.81309269899315983,True,True
parkinson_volatility_30,expansion,60,New York,frozen_15,638,246,188760,72895,-0.011321708303316283,-0.013595105090022389,0.01,True,True,True,True,1.2007998020970208,True,True
parkinson_volatility_30,expansion,180,London,atr_20,636,244,113850,43612,-0.10119875055016411,-0.10504312449442535,0.02,True,True,True,True,1.0379883538419339,True,True
parkinson_volatility_30,expansion,180,London,frozen_15,635,244,113793,43612,-0.043860865348133368,-0.025520050521329544,0.01,True,True,True,True,0.58184101747129868,True,True
parkinson_volatility_30,expansion,180,New York,atr_20,638,246,188850,72980,-0.0860388417182298,-0.08545408309473318,0.02,True,True,True,True,0.99320355072408273,True,True
parkinson_volatility_30,expansion,180,New York,frozen_15,638,246,188760,72895,-0.021118674701247397,0.0031161269519970713,0.01,True,True,True,False,0.14755314886369333,False,False
parkinson_volatility_30,path_risk,60,London,atr_20,636,244,113850,43612,-0.064990914805452563,-0.066503660839870568,0.02,True,True,True,True,1.0232762692900437,True,True
parkinson_volatility_30,path_risk,60,London,frozen_15,635,244,113793,43612,-0.073779310568021075,-0.061575337504483324,0.01,True,True,True,True,0.83458813901105433,True,True
parkinson_volatility_30,path_risk,60,New York,atr_20,638,246,188850,72980,-0.043930422979373079,-0.03571407922512794,0.02,True,True,True,True,0.8129691635770725,True,True
parkinson_volatility_30,path_risk,60,New York,frozen_15,638,246,188760,72895,-0.019083530883393984,-0.021065889942198358,0.01,True,True,True,True,1.1038780019754821,True,True
parkinson_volatility_30,path_risk,180,London,atr_20,636,244,113850,43612,-0.08618604608015025,-0.093206719476051511,0.02,True,True,True,True,1.0814595136360272,True,True
parkinson_volatility_30,path_risk,180,London,frozen_15,635,244,113793,43612,-0.035039827946459864,-0.030440114540018229,0.01,True,True,True,True,0.86872899565974171,True,True
parkinson_volatility_30,path_risk,180,New York,atr_20,638,246,188850,72980,-0.088529540405613005,-0.087512103542781772,0.02,True,True,True,True,0.98850737439537495,True,True
parkinson_volatility_30,path_risk,180,New York,frozen_15,638,246,188760,72895,-0.028068807292557625,-0.022108678752083558,0.01,True,True,True,True,0.78766007125445692,True,True
parkinson_volatility_30,volatility,60,London,atr_20,636,244,113850,43612,-0.030449860734049681,-0.072849505378329515,0.02,True,True,True,True,2.3924413321492684,True,True
parkinson_volatility_30,volatility,60,London,frozen_15,635,244,113793,43612,-0.087600671437387451,-0.1114841273543095,0.01,True,True,True,True,1.2726401010977724,True,True
parkinson_volatility_30,volatility,60,New York,atr_20,638,246,188850,72980,-0.034514032147473853,-0.02127461869419954,0.02,True,True,True,True,0.61640490462823738,True,True
parkinson_volatility_30,volatility,60,New York,frozen_15,638,246,188760,72895,0.010610377739560407,0.022893462865321259,0.01,True,True,True,True,2.1576482409258455,True,True
parkinson_volatility_30,volatility,180,London,atr_20,636,244,113850,43612,-0.14818962986135031,-0.15467612128851344,0.02,True,True,True,True,1.0437715610277996,True,True
parkinson_volatility_30,volatility,180,London,frozen_15,635,244,113793,43612,-0.064944380498176038,-0.06979292845631796,0.01,True,True,True,True,1.0746569282969463,True,True
parkinson_volatility_30,volatility,180,New York,atr_20,638,246,188850,72980,-0.13993250102266264,-0.15007138649928362,0.02,True,True,True,True,1.0724555439409957,True,True
parkinson_volatility_30,volatility,180,New York,frozen_15,638,246,188760,72895,0.013347289780181813,0.014335387789068024,0.01,True,True,True,True,1.0740298611298114,True,True
realized_semivariance_balance_60,direction,60,London,atr_20,635,244,113793,43612,-0.32239555157170613,-0.26718779653833802,0.02,True,True,True,True,0.82875770225666723,True,True
realized_semivariance_balance_60,direction,60,London,frozen_15,635,244,113793,43612,-0.30954950803190234,-0.30904959548189342,0.01,True,True,True,True,0.99838503199960704,True,True
realized_semivariance_balance_60,direction,60,New York,atr_20,638,246,188760,72895,-0.22655442293297839,-0.21375652567749096,0.02,True,True,True,True,0.9435107154836988,True,True
realized_semivariance_balance_60,direction,60,New York,frozen_15,638,246,188760,72895,-0.31523307677174922,-0.28838731113750277,0.01,True,True,True,True,0.91483836052621892,True,True
realized_semivariance_balance_60,direction,180,London,atr_20,635,244,113793,43612,-0.32277029917515299,-0.29123468620135323,0.02,True,True,True,True,0.90229704203147021,True,True
realized_semivariance_balance_60,direction,180,London,frozen_15,635,244,113793,43612,-0.26407949442146006,-0.26561126518210798,0.01,True,True,True,True,1.0058004153787241,True,True
realized_semivariance_balance_60,direction,180,New York,atr_20,638,246,188760,72895,-0.28166978711346519,-0.25909219401855887,0.02,True,True,True,True,0.91984375276354591,True,True
realized_semivariance_balance_60,direction,180,New York,frozen_15,638,246,188760,72895,-0.3729172668880148,-0.36259304090118444,0.01,True,True,True,True,0.97231496928799843,True,True
realized_semivariance_balance_60,expansion,60,London,atr_20,635,244,113793,43612,-0.024957486221483527,-0.059450778264495109,0.02,True,True,True,True,2.3820819828128199,True,True
realized_semivariance_balance_60,expansion,60,London,frozen_15,635,244,113793,43612,-0.019632063998439173,-0.056461472621493258,0.01,True,True,True,True,2.8759825062704647,True,True
realized_semivariance_balance_60,expansion,60,New York,atr_20,638,246,188760,72895,-0.010550931205035986,-0.015839946254139644,0.02,True,True,False,True,1.5012841943826909,True,False
realized_semivariance_balance_60,expansion,60,New York,frozen_15,638,246,188760,72895,-0.010944155201770686,0.040997058054285627,0.01,True,True,True,False,3.7460230870677527,True,False
realized_semivariance_balance_60,expansion,180,London,atr_20,635,244,113793,43612,0.020794738382245419,0.025255431453812736,0.02,True,True,True,True,1.2145106608013816,True,True
realized_semivariance_balance_60,expansion,180,London,frozen_15,635,244,113793,43612,-0.014765574194147639,0.022824862134935165,0.01,True,True,True,False,1.5458160878011664,True,False
realized_semivariance_balance_60,expansion,180,New York,atr_20,638,246,188760,72895,0.00033102623555344041,-0.016355058284229642,0.02,True,True,False,False,49.407136134952374,True,False
realized_semivariance_balance_60,expansion,180,New York,frozen_15,638,246,188760,72895,-0.017636269029392842,0.015310456553553351,0.01,True,True,True,False,0.86812332744736087,True,False
realized_semivariance_balance_60,path_risk,60,London,atr_20,635,244,113793,43612,-0.015750890788679309,-0.062598064784557941,0.02,True,True,False,True,3.9742555277920699,True,False
realized_semivariance_balance_60,path_risk,60,London,frozen_15,635,244,113793,43612,-0.0083924896179244594,-0.066269247252401284,0.01,True,True,False,True,7.8962560895952931,True,False
realized_semivariance_balance_60,path_risk,60,New York,atr_20,638,246,188760,72895,0.00097277945843905885,-0.02224970938725725,0.02,True,True,False,False,22.872305941738915,True,False
realized_semivariance_balance_60,path_risk,60,New York,frozen_15,638,246,188760,72895,-0.0058044914598499387,0.034278122017484133,0.01,True,True,False,False,5.9054479198717456,True,False
realized_semivariance_balance_60,path_risk,180,London,atr_20,635,244,113793,43612,0.0071504432621586431,0.014679833666971013,0.02,True,True,False,True,2.0529963148801107,True,False
realized_semivariance_balance_60,path_risk,180,London,frozen_15,635,244,113793,43612,-0.014694882326719947,-0.014235506652077186,0.01,True,True,True,True,0.96873907089358102,True,True
realized_semivariance_balance_60,path_risk,180,New York,atr_20,638,246,188760,72895,0.017189347772766383,-0.014270677967777331,0.02,True,True,False,False,0.83020473821507113,True,False
realized_semivariance_balance_60,path_risk,180,New York,frozen_15,638,246,188760,72895,-0.0019576620998666546,0.024530910080367806,0.01,True,True,False,False,12.530717166174243,True,False
realized_semivariance_balance_60,volatility,60,London,atr_20,635,244,113793,43612,-0.033537992739676982,-0.064777830183075674,0.02,True,True,True,True,1.9314760631586796,True,True
realized_semivariance_balance_60,volatility,60,London,frozen_15,635,244,113793,43612,-0.023230006584356401,-0.049326299247486778,0.01,True,True,True,True,2.1233872262741498,True,True
realized_semivariance_balance_60,volatility,60,New York,atr_20,638,246,188760,72895,0.003041751133796127,-0.0040246811345965089,0.02,True,True,False,False,1.3231460949843317,True,False
realized_semivariance_balance_60,volatility,60,New York,frozen_15,638,246,188760,72895,0.018456324655688503,0.028596245006938529,0.01,True,True,True,True,1.5494008444484508,True,True
realized_semivariance_balance_60,volatility,180,London,atr_20,635,244,113793,43612,0.012268422487640969,-0.02226970207507907,0.02,True,True,False,False,1.8152050190245117,True,False
realized_semivariance_balance_60,volatility,180,London,frozen_15,635,244,113793,43612,-0.0059513057409076716,-0.0021668517917876988,0.01,True,True,False,True,0.36409686985048401,True,False
realized_semivariance_balance_60,volatility,180,New York,atr_20,638,246,188760,72895,0.0054989980261096862,-0.01087953672800121,0.02,True,True,False,False,1.9784580165958039,True,False
realized_semivariance_balance_60,volatility,180,New York,frozen_15,638,246,188760,72895,0.0091852463871813037,0.037427161799096921,0.01,True,True,False,True,4.0747041746565795,True,False
return_sign_entropy_60,direction,60,London,atr_20,635,244,113793,43612,-0.027643874794120112,0.041570600403401083,0.02,True,True,True,False,1.5037906484890897,True,False
return_sign_entropy_60,direction,60,London,frozen_15,635,244,113793,43612,-0.013534475234990212,0.015146102442113429,0.01,True,True,True,False,1.1190757069736057,True,False
return_sign_entropy_60,direction,60,New York,atr_20,638,246,188760,72895,0.0066334758497147948,-0.031300214627668375,0.02,True,True,False,False,4.7185239438256374,True,False
return_sign_entropy_60,direction,60,New York,frozen_15,638,246,188760,72895,0.00031101183936375372,-0.026454803195944426,0.01,True,True,False,False,85.060437731450392,True,False
return_sign_entropy_60,direction,180,London,atr_20,635,244,113793,43612,-0.011356983386661792,0.0015380717244489878,0.02,True,True,False,False,0.13542960063280324,False,False
return_sign_entropy_60,direction,180,London,frozen_15,635,244,113793,43612,-0.0094312190218123985,-0.01836316960532277,0.01,True,True,False,True,1.9470621520773375,True,False
return_sign_entropy_60,direction,180,New York,atr_20,638,246,188760,72895,-0.016877820691284424,-0.019512948735393162,0.02,True,True,False,True,1.1561296385539572,True,False
return_sign_entropy_60,direction,180,New York,frozen_15,638,246,188760,72895,0.0024279239019744645,0.0035848386429567923,0.01,True,True,False,True,1.4765037075673946,True,False
return_sign_entropy_60,expansion,60,London,atr_20,635,244,113793,43612,0.048252744763788304,0.020420058720801666,0.02,True,True,True,True,0.42318957855690892,True,True
return_sign_entropy_60,expansion,60,London,frozen_15,635,244,113793,43612,0.034310842162415589,0.048800871338084729,0.01,True,True,True,True,1.4223163368324911,True,True
return_sign_entropy_60,expansion,60,New York,atr_20,638,246,188760,72895,0.10733910885562832,0.073455736163598698,0.02,True,True,True,True,0.68433338926259446,True,True
return_sign_entropy_60,expansion,60,New York,frozen_15,638,246,188760,72895,0.017271354735730181,0.012353194867214022,0.01,True,True,True,True,0.71524180101855606,True,True
return_sign_entropy_60,expansion,180,London,atr_20,635,244,113793,43612,0.058185813652204411,0.0086311727337178984,0.02,True,True,True,True,0.14833809466529477,False,False
return_sign_entropy_60,expansion,180,London,frozen_15,635,244,113793,43612,0.015273776176598157,-0.011173515202493742,0.01,True,True,True,False,0.73154896819905846,True,False
return_sign_entropy_60,expansion,180,New York,atr_20,638,246,188760,72895,0.2154449385589996,0.18552416451527118,0.02,True,True,True,True,0.86112101660938012,True,True
return_sign_entropy_60,expansion,180,New York,frozen_15,638,246,188760,72895,0.036767915748613496,0.050389835051218398,0.01,True,True,True,True,1.3704838586918973,True,True
return_sign_entropy_60,path_risk,60,London,atr_20,635,244,113793,43612,0.049788339683279406,0.029325453998359549,0.02,True,True,True,True,0.5890024488647092,True,True
return_sign_entropy_60,path_risk,60,London,frozen_15,635,244,113793,43612,0.033128221619366349,0.035310862568466085,0.01,True,True,True,True,1.065884639814888,True,True
return_sign_entropy_60,path_risk,60,New York,atr_20,638,246,188760,72895,0.096115580658554106,0.073849808105190359,0.02,True,True,True,True,0.76834377526717745,True,True
return_sign_entropy_60,path_risk,60,New York,frozen_15,638,246,188760,72895,0.012014040543935409,0.013323121376335127,0.01,True,True,True,True,1.1089625782110857,True,True
return_sign_entropy_60,path_risk,180,London,atr_20,635,244,113793,43612,0.051518978648393034,0.021573108023966781,0.02,True,True,True,True,0.41874098807740406,True,True
return_sign_entropy_60,path_risk,180,London,frozen_15,635,244,113793,43612,0.01916525029842862,0.011978851629988217,0.01,True,True,True,True,0.62502975142309392,True,True
return_sign_entropy_60,path_risk,180,New York,atr_20,638,246,188760,72895,0.18661831882947993,0.16929827804956701,0.02,True,True,True,True,0.90719002888596978,True,True
return_sign_entropy_60,path_risk,180,New York,frozen_15,638,246,188760,72895,0.02607222492552776,0.033617166283667128,0.01,True,True,True,True,1.2893861716708337,True,True
return_sign_entropy_60,volatility,60,London,atr_20,635,244,113793,43612,0.05560944873433081,0.034494488688425459,0.02,True,True,True,True,0.62029905840677912,True,True
return_sign_entropy_60,volatility,60,London,frozen_15,635,244,113793,43612,0.079883019308536946,0.095761308325901351,0.01,True,True,True,True,1.1987692647925179,True,True
return_sign_entropy_60,volatility,60,New York,atr_20,638,246,188760,72895,0.12463712881219499,0.065157225665473939,0.02,True,True,True,True,0.5227754063851533,True,True
return_sign_entropy_60,volatility,60,New York,frozen_15,638,246,188760,72895,0.0041996361099245249,-0.011249659698183171,0.01,True,True,False,False,2.6787224901695943,True,False
return_sign_entropy_60,volatility,180,London,atr_20,635,244,113793,43612,0.13694268207599028,0.061831370527432553,0.02,True,True,True,True,0.45151277593001993,True,True
return_sign_entropy_60,volatility,180,London,frozen_15,635,244,113793,43612,0.064072798459848701,0.038944528148445241,0.01,True,True,True,True,0.60781687525088945,True,True
return_sign_entropy_60,volatility,180,New York,atr_20,638,246,188760,72895,0.3045145122632692,0.25380903971557506,0.02,True,True,True,True,0.83348750057646992,True,True
return_sign_entropy_60,volatility,180,New York,frozen_15,638,246,188760,72895,0.035488558428120272,0.0147108998428303,0.01,True,True,True,True,0.41452514541063296,True,True
rogers_satchell_volatility_30,direction,60,London,atr_20,636,244,113850,43612,0.017318662574731664,0.005080675446990944,0.02,True,True,False,True,0.293364191667073,True,False
rogers_satchell_volatility_30,direction,60,London,frozen_15,635,244,113793,43612,0.00048104495554733182,0.0142689012739398,0.01,True,True,False,True,29.6623030953618,True,False
rogers_satchell_volatility_30,direction,60,New York,atr_20,638,246,188850,72980,0.0077044690524460538,-0.011512912588465755,0.02,True,True,False,False,1.494316157297118,True,False
rogers_satchell_volatility_30,direction,60,New York,frozen_15,638,246,188760,72895,0.011320672447521061,0.0065631252106072993,0.01,True,True,True,True,0.57974694003662808,True,True
rogers_satchell_volatility_30,direction,180,London,atr_20,636,244,113850,43612,0.031664463677892336,0.013554174377369025,0.02,True,True,True,True,0.42805633833717355,True,True
rogers_satchell_volatility_30,direction,180,London,frozen_15,635,244,113793,43612,0.015126610183961657,0.019290802264310479,0.01,True,True,True,True,1.2752891777937139,True,True
rogers_satchell_volatility_30,direction,180,New York,atr_20,638,246,188850,72980,0.019670467526879277,0.0016163900417068137,0.02,True,True,False,True,0.082173442979840264,False,False
rogers_satchell_volatility_30,direction,180,New York,frozen_15,638,246,188760,72895,0.019296428416513484,0.00045703017541211765,0.01,True,True,True,True,0.023684702969229303,False,False
rogers_satchell_volatility_30,expansion,60,London,atr_20,636,244,113850,43612,-0.036400593967978956,-0.054744736567509673,0.02,True,True,True,True,1.5039517381410803,True,True
rogers_satchell_volatility_30,expansion,60,London,frozen_15,635,244,113793,43612,-0.066111927470185933,-0.043965437554335296,0.01,True,True,True,True,0.66501521339189673,True,True
rogers_satchell_volatility_30,expansion,60,New York,atr_20,638,246,188850,72980,-0.0036546371262207869,0.013334849046984426,0.02,True,True,False,False,3.6487477652189839,True,False
rogers_satchell_volatility_30,expansion,60,New York,frozen_15,638,246,188760,72895,0.014426794468546195,0.025825519968435309,0.01,True,True,True,True,1.790107984468831,True,True
rogers_satchell_volatility_30,expansion,180,London,atr_20,636,244,113850,43612,-0.083067331003298078,-0.12379321310684588,0.02,True,True,True,True,1.4902755585337253,True,True
rogers_satchell_volatility_30,expansion,180,London,frozen_15,635,244,113793,43612,-0.036938449823215064,-0.017238546779770787,0.01,True,True,True,True,0.46668300543940833,True,True
rogers_satchell_volatility_30,expansion,180,New York,atr_20,638,246,188850,72980,-0.062531732650351848,-0.048501021671925007,0.02,True,True,True,True,0.775622545805983,True,True
rogers_satchell_volatility_30,expansion,180,New York,frozen_15,638,246,188760,72895,-0.0052059029305637893,0.036351442133752694,0.01,True,True,False,False,6.9827352946467451,True,False
rogers_satchell_volatility_30,path_risk,60,London,atr_20,636,244,113850,43612,-0.043811988076918218,-0.057983308081937461,0.02,True,True,True,True,1.3234575883691801,True,True
rogers_satchell_volatility_30,path_risk,60,London,frozen_15,635,244,113793,43612,-0.052797399759729843,-0.032830009895829647,0.01,True,True,True,True,0.62181111276752832,True,True
rogers_satchell_volatility_30,path_risk,60,New York,atr_20,638,246,188850,72980,-0.014939668211562038,0.0028927415634070791,0.02,True,True,False,False,0.19362823340135105,False,False
rogers_satchell_volatility_30,path_risk,60,New York,frozen_15,638,246,188760,72895,0.0071347581607082572,0.017059930903213713,0.01,True,True,False,True,2.391101494815095,True,False
rogers_satchell_volatility_30,path_risk,180,London,atr_20,636,244,113850,43612,-0.072261223622767171,-0.12440705714702222,0.02,True,True,True,True,1.7216295394674936,True,True
rogers_satchell_volatility_30,path_risk,180,London,frozen_15,635,244,113793,43612,-0.031468081278776164,-0.038995975586090324,0.01,True,True,True,True,1.2392231747663431,True,True
rogers_satchell_volatility_30,path_risk,180,New York,atr_20,638,246,188850,72980,-0.066216733708758635,-0.063003448828736056,0.02,True,True,True,True,0.9514732198335909,True,True
rogers_satchell_volatility_30,path_risk,180,New York,frozen_15,638,246,188760,72895,-0.011091474614644468,0.002248470623100361,0.01,True,True,True,False,0.20272062112747619,False,False
rogers_satchell_volatility_30,volatility,60,London,atr_20,636,244,113850,43612,0.073763460625366567,0.020882311232046865,0.02,True,True,True,True,0.28309831256568829,True,True
rogers_satchell_volatility_30,volatility,60,London,frozen_15,635,244,113793,43612,0.053790299056115681,0.033853292816190657,0.01,True,True,True,True,0.62935684333849617,True,True
rogers_satchell_volatility_30,volatility,60,New York,atr_20,638,246,188850,72980,0.042523192703098477,0.052105230349370597,0.02,True,True,True,True,1.2253367406623239,True,True
rogers_satchell_volatility_30,volatility,60,New York,frozen_15,638,246,188760,72895,0.09584462922492383,0.10986072051576259,0.01,True,True,True,True,1.1462376285889369,True,True
rogers_satchell_volatility_30,volatility,180,London,atr_20,636,244,113850,43612,-0.046452131970753208,-0.093194961923870195,0.02,True,True,True,True,2.006258011635436,True,True
rogers_satchell_volatility_30,volatility,180,London,frozen_15,635,244,113793,43612,0.030165195989385857,0.030396267785531839,0.01,True,True,True,True,1.0076602119948861,True,True
rogers_satchell_volatility_30,volatility,180,New York,atr_20,638,246,188850,72980,-0.09548335620515172,-0.089827996324210374,0.02,True,True,True,True,0.94077124950666302,True,True
rogers_satchell_volatility_30,volatility,180,New York,frozen_15,638,246,188760,72895,0.07374743638921398,0.092090090584466475,0.01,True,True,True,True,1.2487226009924763,True,True
variance_ratio_60_5,direction,60,London,atr_20,635,244,113789,43612,0.030027050589995576,-0.029881226360810368,0.02,True,True,True,False,0.99514357133584763,True,False
variance_ratio_60_5,direction,60,London,frozen_15,635,244,113789,43612,0.009919989641321774,-0.014700747679671564,0.01,True,True,False,False,1.4819317571094546,True,False
variance_ratio_60_5,direction,60,New York,atr_20,638,246,188744,72879,0.011770992740451222,-0.0073984312452434657,0.02,True,True,False,False,0.62853077972078153,True,False
variance_ratio_60_5,direction,60,New York,frozen_15,638,246,188744,72879,0.011125504637147478,-0.035733863799363413,0.01,True,True,True,False,3.2118870078081589,True,False
variance_ratio_60_5,direction,180,London,atr_20,635,244,113789,43612,0.01408451414243218,-0.0339388653568653,0.02,True,True,False,False,2.4096582255981587,True,False
variance_ratio_60_5,direction,180,London,frozen_15,635,244,113789,43612,0.0048309605236514404,-0.024066057964079103,0.01,True,True,False,False,4.9816300187625995,True,False
variance_ratio_60_5,direction,180,New York,atr_20,638,246,188744,72879,-0.011532136815801671,0.010837665131232454,0.02,True,True,False,False,0.93977944455032547,True,False
variance_ratio_60_5,direction,180,New York,frozen_15,638,246,188744,72879,-0.011494053580309228,-0.003287145635991153,0.01,True,True,True,True,0.28598662891414134,True,True
variance_ratio_60_5,expansion,60,London,atr_20,635,244,113789,43612,-0.09895288168849839,-0.089838588552812682,0.02,True,True,True,True,0.90789259514061138,True,True
variance_ratio_60_5,expansion,60,London,frozen_15,635,244,113789,43612,-0.070892504685834079,-0.0713335749805213,0.01,True,True,True,True,1.0062216774064037,True,True
variance_ratio_60_5,expansion,60,New York,atr_20,638,246,188744,72879,-0.096683901409859066,-0.089789348507452557,0.02,True,True,True,True,0.92868975287644473,True,True
variance_ratio_60_5,expansion,60,New York,frozen_15,638,246,188744,72879,-0.071108666004565863,-0.064648670084622051,0.01,True,True,True,True,0.90915318367062292,True,True
variance_ratio_60_5,expansion,180,London,atr_20,635,244,113789,43612,-0.065606306600556344,-0.054847829840429768,0.02,True,True,True,True,0.83601459497439012,True,True
variance_ratio_60_5,expansion,180,London,frozen_15,635,244,113789,43612,-0.017012016634815996,-0.051090609473869834,0.01,True,True,True,True,3.0032071194493302,True,True
variance_ratio_60_5,expansion,180,New York,atr_20,638,246,188744,72879,-0.083525178936361993,-0.043781906056790734,0.02,True,True,True,True,0.52417614202476903,True,True
variance_ratio_60_5,expansion,180,New York,frozen_15,638,246,188744,72879,-0.05262808882583235,-0.0011486697881411838,0.01,True,True,True,True,0.021826173318635931,False,False
variance_ratio_60_5,path_risk,60,London,atr_20,635,244,113789,43612,-0.084902352863334071,-0.07791941154080205,0.02,True,True,True,True,0.9177532649328064,True,True
variance_ratio_60_5,path_risk,60,London,frozen_15,635,244,113789,43612,-0.05878659173783253,-0.056755302525242066,0.01,True,True,True,True,0.96544638577365904,True,True
variance_ratio_60_5,path_risk,60,New York,atr_20,638,246,188744,72879,-0.079777272760604881,-0.081810848645708978,0.02,True,True,True,True,1.0254906668871275,True,True
variance_ratio_60_5,path_risk,60,New York,frozen_15,638,246,188744,72879,-0.060655867957749465,-0.064567297291516251,0.01,True,True,True,True,1.064485588376896,True,True
variance_ratio_60_5,path_risk,180,London,atr_20,635,244,113789,43612,-0.042365388161676391,-0.033988991142018414,0.02,True,True,True,True,0.80228206601833418,True,True
variance_ratio_60_5,path_risk,180,London,frozen_15,635,244,113789,43612,-0.0083779690847378477,-0.041018425125657482,0.01,True,True,False,True,4.8959866897075059,True,False
variance_ratio_60_5,path_risk,180,New York,atr_20,638,246,188744,72879,-0.063823262037385295,-0.034188003947274268,0.02,True,True,True,True,0.53566682203188243,True,True
variance_ratio_60_5,path_risk,180,New York,frozen_15,638,246,188744,72879,-0.029106616588056203,-0.01084037785709494,0.01,True,True,True,True,0.37243689331941282,True,True
variance_ratio_60_5,volatility,60,London,atr_20,635,244,113789,43612,0.0057341420767640441,0.055551765084705489,0.02,True,True,False,True,9.6878947785080154,True,False
variance_ratio_60_5,volatility,60,London,frozen_15,635,244,113789,43612,0.032111442449513306,0.097368263377030792,0.01,True,True,True,True,3.0321983676104387,True,True
variance_ratio_60_5,volatility,60,New York,atr_20,638,246,188744,72879,-0.038461303871496384,-0.024427509968443905,0.02,True,True,True,True,0.63511913298776901,True,True
variance_ratio_60_5,volatility,60,New York,frozen_15,638,246,188744,72879,0.015486548018591954,0.018405099852075977,0.01,True,True,True,True,1.1884572230028432,True,True
variance_ratio_60_5,volatility,180,London,atr_20,635,244,113789,43612,-0.03164605101435039,-0.024292094342756101,0.02,True,True,True,True,0.76761850417736088,True,True
variance_ratio_60_5,volatility,180,London,frozen_15,635,244,113789,43612,0.029697081655744365,0.0072868221018801017,0.01,True,True,True,True,0.24537165592062807,False,False
variance_ratio_60_5,volatility,180,New York,atr_20,638,246,188744,72879,-0.078328172644674912,-0.068794437686209672,0.02,True,True,True,True,0.87828472647110345,True,True
variance_ratio_60_5,volatility,180,New York,frozen_15,638,246,188744,72879,0.00040342360079543199,-0.00114522832868641,0.01,True,True,False,False,2.8387737515315381,True,False
volatility_of_volatility_60,direction,60,London,atr_20,635,244,113779,43612,-0.014629677450747313,0.0014730039737054974,0.02,True,True,False,False,0.10068601844876993,False,False
volatility_of_volatility_60,direction,60,London,frozen_15,635,244,113779,43612,-0.023282150152738323,-0.023102587385015035,0.01,True,True,True,True,0.99228753501951927,True,True
volatility_of_volatility_60,direction,60,New York,atr_20,638,246,188704,72839,-0.01366524202842148,-0.00051864961711552777,0.02,True,True,False,True,0.037953928370739499,False,False
volatility_of_volatility_60,direction,60,New York,frozen_15,638,246,188704,72839,-0.018884596928622131,0.0068273648801010179,0.01,True,True,True,False,0.36153087650778681,True,False
volatility_of_volatility_60,direction,180,London,atr_20,635,244,113779,43612,0.0103958105299991,-0.00097541529897803123,0.02,True,True,False,False,0.093827729561180795,False,False
volatility_of_volatility_60,direction,180,London,frozen_15,635,244,113779,43612,0.0099046132211536297,0.03656637181652591,0.01,True,True,False,True,3.6918525741550239,True,False
volatility_of_volatility_60,direction,180,New York,atr_20,638,246,188704,72839,-0.025889676482023734,0.021625732405169351,0.02,True,True,True,False,0.8353033078719615,True,False
volatility_of_volatility_60,direction,180,New York,frozen_15,638,246,188704,72839,-0.011535874176832462,0.039508194319855298,0.01,True,True,True,False,3.4248114806244812,True,False
volatility_of_volatility_60,expansion,60,London,atr_20,635,244,113779,43612,0.0050812564754981514,-0.023600085291874445,0.02,True,True,False,False,4.6445373119176709,True,False
volatility_of_volatility_60,expansion,60,London,frozen_15,635,244,113779,43612,0.0005955312285054607,-0.01124388294580075,0.01,True,True,False,False,18.880425421213072,True,False
volatility_of_volatility_60,expansion,60,New York,atr_20,638,246,188704,72839,0.025762710346995007,0.051310816498416949,0.02,True,True,True,True,1.9916699682338315,True,True
volatility_of_volatility_60,expansion,60,New York,frozen_15,638,246,188704,72839,-0.048111303221730142,-0.030354245531936372,0.01,True,True,True,True,0.63091713379791492,True,True
volatility_of_volatility_60,expansion,180,London,atr_20,635,244,113779,43612,0.0014056679121181531,-0.02946914257887864,0.02,True,True,False,False,20.96451254583495,True,False
volatility_of_volatility_60,expansion,180,London,frozen_15,635,244,113779,43612,0.014819046340598547,-0.0059021981224151188,0.01,True,True,True,False,0.39828461202967846,True,False
volatility_of_volatility_60,expansion,180,New York,atr_20,638,246,188704,72839,0.14585694443846609,0.14210644989864274,0.02,True,True,True,True,0.97428648629475711,True,True
volatility_of_volatility_60,expansion,180,New York,frozen_15,638,246,188704,72839,0.018849982491254795,0.045237902045202144,0.01,True,True,True,True,2.3998909317920947,True,True
volatility_of_volatility_60,path_risk,60,London,atr_20,635,244,113779,43612,-0.0015443745951323139,-0.029845055278507567,0.02,True,True,False,True,19.325010507538554,True,False
volatility_of_volatility_60,path_risk,60,London,frozen_15,635,244,113779,43612,-0.013205178554451483,-0.023320440342687924,0.01,True,True,True,True,1.7660071953231238,True,True
volatility_of_volatility_60,path_risk,60,New York,atr_20,638,246,188704,72839,0.0096979138768171387,0.048508950364346638,0.02,True,True,False,True,5.0019984690013874,True,False
volatility_of_volatility_60,path_risk,60,New York,frozen_15,638,246,188704,72839,-0.050408666444019243,-0.022624308090861897,0.01,True,True,True,True,0.44881782611700427,True,True
volatility_of_volatility_60,path_risk,180,London,atr_20,635,244,113779,43612,0.0072358097350316711,-0.0013309055161080747,0.02,True,True,False,False,0.18393318299465339,False,False
volatility_of_volatility_60,path_risk,180,London,frozen_15,635,244,113779,43612,0.014736923895760663,0.031636140105624974,0.01,True,True,True,True,2.1467261641166289,True,True
volatility_of_volatility_60,path_risk,180,New York,atr_20,638,246,188704,72839,0.096740763562765716,0.092212499256099326,0.02,True,True,True,True,0.95319176591232468,True,True
volatility_of_volatility_60,path_risk,180,New York,frozen_15,638,246,188704,72839,-0.011718031047654705,-0.00029078772820074686,0.01,True,True,True,True,0.024815408580005964,False,False
volatility_of_volatility_60,volatility,60,London,atr_20,635,244,113779,43612,0.03591953524428225,-0.0064200994347727034,0.02,True,True,True,False,0.1787355930724262,False,False
volatility_of_volatility_60,volatility,60,London,frozen_15,635,244,113779,43612,0.026181216310362496,0.022284673331487977,0.01,True,True,True,True,0.85117028434877295,True,True
volatility_of_volatility_60,volatility,60,New York,atr_20,638,246,188704,72839,0.052904302943599796,0.065998564257523706,0.02,True,True,True,True,1.2475084366555862,True,True
volatility_of_volatility_60,volatility,60,New York,frozen_15,638,246,188704,72839,-0.038797738712413106,-0.029458166240182545,0.01,True,True,True,True,0.75927533969286665,True,True
volatility_of_volatility_60,volatility,180,London,atr_20,635,244,113779,43612,0.029602136816632801,-0.012286316805301479,0.02,True,True,True,False,0.41504830821530636,True,False
volatility_of_volatility_60,volatility,180,London,frozen_15,635,244,113779,43612,0.035485252626731106,0.020868210481876603,0.01,True,True,True,True,0.58808121507232958,True,True
volatility_of_volatility_60,volatility,180,New York,atr_20,638,246,188704,72839,0.1814350627046375,0.1533473409970304,0.02,True,True,True,True,0.84519132471471747,True,True
volatility_of_volatility_60,volatility,180,New York,frozen_15,638,246,188704,72839,0.03616760938030375,0.01329619783179772,0.01,True,True,True,True,0.36762722390600133,True,True
