feature_name,entry_session,fit_partition,q20,q40,q60,q80
bollinger_zscore_20,London,Development,-1.2609655618667601,-0.44225667715072631,0.44385391473770142,1.2606678962707523
bollinger_bandwidth_20,London,Development,0.00072725529316812758,0.0009838998317718505,0.0012783284764736891,0.0017791684251278639
cutler_rsi_14,London,Development,36.111110687255859,45.826970672607516,54.285713195800781,64
chaikin_money_flow_20,London,Development,-0.1394185870885849,-0.038723441958427432,0.048588539659976948,0.14986070990562439
amihud_illiquidity_60,London,Development,0.88283948898315434,1.0626063585281371,1.2466869592666625,1.5094081640243531
parkinson_volatility_30,London,Development,1.343292236328125,1.6378731727600098,1.9380216598510742,2.4013986587524414
rogers_satchell_volatility_30,London,Development,1.3208878040313721,1.6130023002624512,1.9214712381362915,2.3897912502288818
realized_semivariance_balance_60,London,Development,-0.19381512105464935,-0.045232912153005587,0.078907819092273707,0.22515223026275635
bipower_jump_ratio_60,London,Development,0,0,0.058279702812433241,0.13237491250038158
variance_ratio_60_5,London,Development,0.6543979167938232,0.78329163789749146,0.91274211406707761,1.0789335250854493
return_sign_entropy_60,London,Development,0.82264083623886108,0.86374002695083618,0.90291792154312134,0.93528628349304199
volatility_of_volatility_60,London,Development,0.15022573173046114,0.18599942028522493,0.22246293723583221,0.27154422998428351
bollinger_zscore_20,New York,Development,-1.2796388864517212,-0.44064900279045105,0.46791121363639832,1.274249792098999
bollinger_bandwidth_20,New York,Development,0.0010252603096887469,0.0014606973854824901,0.0019849417731165886,0.0028600154910236597
cutler_rsi_14,New York,Development,35.962319183349614,45.762710571289062,54.385963439941406,64.406776428222656
chaikin_money_flow_20,New York,Development,-0.13210955262184143,-0.037439011037349701,0.044538207352161407,0.13892894983291626
amihud_illiquidity_60,New York,Development,0.47701764106750488,0.61710828542709351,0.78428423404693604,1.0726189613342285
parkinson_volatility_30,New York,Development,1.8200650215148926,2.4961025714874268,3.1661489009857178,4.0991525650024414
rogers_satchell_volatility_30,New York,Development,1.8125500679016113,2.5009257793426514,3.1849451065063477,4.1187701225280762
realized_semivariance_balance_60,New York,Development,-0.21414323151111603,-0.058815736323595047,0.07335411012172699,0.23036734759807587
bipower_jump_ratio_60,New York,Development,0,0,0.057813631743192671,0.13938281536102295
variance_ratio_60_5,New York,Development,0.6511786222457886,0.79359782934188838,0.93437809944152828,1.1112825393676757
return_sign_entropy_60,New York,Development,0.77354240417480469,0.81127077341079712,0.85867273807525635,0.90291792154312134
volatility_of_volatility_60,New York,Development,0.16400107443332673,0.20713250935077668,0.25418322086334227,0.33033496141433721
