check_name,passed,expected,actual
file_exists,True,True,True
sha256,True,ad499707991d6b497ad94a3066fb915ba2885e2b8b910157eb55ddd36beecee0,ad499707991d6b497ad94a3066fb915ba2885e2b8b910157eb55ddd36beecee0
byte_size,True,25631,25631
row_count,True,12,12
column_count,True,31,31
column_order,True,"['feature_name', 'display_name', 'feature_family', 'feature_tier', 'hypothesis_id', 'formula_id', 'source_chapter', 'source_pdf_page', 'source_type', 'formula_or_definition', 'economic_rationale', 'target_family', 'lookback', 'minimum_history', 'input_columns', 'availability_timestamp', 'reset_boundary', 'continuity_requirements', 'fitted_parameters', 'fit_scope', 'expected_range', 'missing_value_policy', 'normalization_method', 'output_dtype', 'existing_feature_overlap', 'leakage_risk', 'implementation_version', 'is_experimental', 'status', 'validation_minimum', 'validation_maximum']","['feature_name', 'display_name', 'feature_family', 'feature_tier', 'hypothesis_id', 'formula_id', 'source_chapter', 'source_pdf_page', 'source_type', 'formula_or_definition', 'economic_rationale', 'target_family', 'lookback', 'minimum_history', 'input_columns', 'availability_timestamp', 'reset_boundary', 'continuity_requirements', 'fitted_parameters', 'fit_scope', 'expected_range', 'missing_value_policy', 'normalization_method', 'output_dtype', 'existing_feature_overlap', 'leakage_risk', 'implementation_version', 'is_experimental', 'status', 'validation_minimum', 'validation_maximum']"
pandas_dtypes,True,"{'feature_name': 'str', 'display_name': 'str', 'feature_family': 'str', 'feature_tier': 'str', 'hypothesis_id': 'str', 'formula_id': 'str', 'source_chapter': 'str', 'source_pdf_page': 'str', 'source_type': 'str', 'formula_or_definition': 'str', 'economic_rationale': 'str', 'target_family': 'str', 'lookback': 'str', 'minimum_history': 'int64', 'input_columns': 'str', 'availability_timestamp': 'str', 'reset_boundary': 'str', 'continuity_requirements': 'str', 'fitted_parameters': 'str', 'fit_scope': 'str', 'expected_range': 'str', 'missing_value_policy': 'str', 'normalization_method': 'str', 'output_dtype': 'str', 'existing_feature_overlap': 'str', 'leakage_risk': 'str', 'implementation_version': 'str', 'is_experimental': 'bool', 'status': 'str', 'validation_minimum': 'float64', 'validation_maximum': 'float64'}","{'feature_name': 'str', 'display_name': 'str', 'feature_family': 'str', 'feature_tier': 'str', 'hypothesis_id': 'str', 'formula_id': 'str', 'source_chapter': 'str', 'source_pdf_page': 'str', 'source_type': 'str', 'formula_or_definition': 'str', 'economic_rationale': 'str', 'target_family': 'str', 'lookback': 'str', 'minimum_history': 'int64', 'input_columns': 'str', 'availability_timestamp': 'str', 'reset_boundary': 'str', 'continuity_requirements': 'str', 'fitted_parameters': 'str', 'fit_scope': 'str', 'expected_range': 'str', 'missing_value_policy': 'str', 'normalization_method': 'str', 'output_dtype': 'str', 'existing_feature_overlap': 'str', 'leakage_risk': 'str', 'implementation_version': 'str', 'is_experimental': 'bool', 'status': 'str', 'validation_minimum': 'float64', 'validation_maximum': 'float64'}"
null_counts,True,"{'feature_name': 0, 'display_name': 0, 'feature_family': 0, 'feature_tier': 0, 'hypothesis_id': 0, 'formula_id': 0, 'source_chapter': 0, 'source_pdf_page': 0, 'source_type': 0, 'formula_or_definition': 0, 'economic_rationale': 0, 'target_family': 0, 'lookback': 0, 'minimum_history': 0, 'input_columns': 0, 'availability_timestamp': 0, 'reset_boundary': 0, 'continuity_requirements': 0, 'fitted_parameters': 0, 'fit_scope': 0, 'expected_range': 0, 'missing_value_policy': 0, 'normalization_method': 0, 'output_dtype': 0, 'existing_feature_overlap': 0, 'leakage_risk': 0, 'implementation_version': 0, 'is_experimental': 0, 'status': 0, 'validation_minimum': 1, 'validation_maximum': 7}","{'feature_name': 0, 'display_name': 0, 'feature_family': 0, 'feature_tier': 0, 'hypothesis_id': 0, 'formula_id': 0, 'source_chapter': 0, 'source_pdf_page': 0, 'source_type': 0, 'formula_or_definition': 0, 'economic_rationale': 0, 'target_family': 0, 'lookback': 0, 'minimum_history': 0, 'input_columns': 0, 'availability_timestamp': 0, 'reset_boundary': 0, 'continuity_requirements': 0, 'fitted_parameters': 0, 'fit_scope': 0, 'expected_range': 0, 'missing_value_policy': 0, 'normalization_method': 0, 'output_dtype': 0, 'existing_feature_overlap': 0, 'leakage_risk': 0, 'implementation_version': 0, 'is_experimental': 0, 'status': 0, 'validation_minimum': 1, 'validation_maximum': 7}"
id_values_and_order,True,exact,checked=['feature_name']
timestamps_exact,True,exact,checked=[]
schema_fingerprint,True,234bf7945d1caa3b73425db4e05261d56e0d8f56e3082f84d63760ca7ca893ba,234bf7945d1caa3b73425db4e05261d56e0d8f56e3082f84d63760ca7ca893ba
deterministic_sample_hash,True,af667d47c10aeb08a69e24d20660b2cc093eb52769c4a2eec8331cdaa86d67a2,af667d47c10aeb08a69e24d20660b2cc093eb52769c4a2eec8331cdaa86d67a2
full_table_exact,True,exact,"exact values, nulls, dtypes, and row/column order"
manifest_schema_fingerprint,True,234bf7945d1caa3b73425db4e05261d56e0d8f56e3082f84d63760ca7ca893ba,234bf7945d1caa3b73425db4e05261d56e0d8f56e3082f84d63760ca7ca893ba
manifest_sample_hash,True,af667d47c10aeb08a69e24d20660b2cc093eb52769c4a2eec8331cdaa86d67a2,af667d47c10aeb08a69e24d20660b2cc093eb52769c4a2eec8331cdaa86d67a2
