concept_id,concept_name,chapter,pdf_page,category,definition,assumptions,intended_target,applicability,required_data,implementation_difficulty,leakage_risk,redundancy_risk,existing_project_equivalent,recommendation
MLAT-C001,Research-to-execution workflow,1,42-58,model validation,"A staged path from economic hypothesis and data through validation, portfolio/execution design, and monitoring.",Each stage has explicit information and decision boundaries.,governance,DIRECT,research metadata,LOW,MEDIUM,LOW,statistical notebook section gates,ADOPT
MLAT-C002,Point-in-time market data,2,59-94,backtesting,Data values and identifiers must reflect only what was knowable at the simulated decision time.,"Timestamps, contract selection, and revisions are governed.",execution,DIRECT,timestamped OHLCV and contract metadata,MEDIUM,HIGH,LOW,trusted active-contract table and t to t+1 convention,ADOPT
MLAT-C003,Alternative-data quality screen,3,95-114,alternative data,"Evaluate provenance, coverage, history, survivorship, legal rights, latency, and signal content before research use.",The data source can be audited.,later research,LATER,alternative dataset,HIGH,HIGH,UNKNOWN,none,DEFER_DIFFERENT_DATA
MLAT-C004,Lagged-return features,4,130-132,direction,Associate returns ending before or at the feature timestamp with the current observation.,The series is sorted and lagging is segmented.,direction,DIRECT,close prices,LOW,MEDIUM,HIGH,return_1m_bps through return_60m_bps,REJECT_REDUNDANT
MLAT-C005,Bollinger standardized location and bandwidth,4 / Appendix,131-133; 740-742,direction / volatility,Express price location and band width relative to a trailing mean and standard deviation.,Trailing windows are complete and causal; standard deviation is nonzero.,direction and expansion,ADAPTED,close,LOW,LOW,MEDIUM,range position and compression families,IMPLEMENT_AND_TEST_OVERLAP
MLAT-C006,Relative strength index,4,132,direction,A bounded transformation of recent positive versus negative price changes.,A smoothing convention and warm-up are declared.,direction / state,ADAPTED,close,LOW,LOW,MEDIUM,momentum and directional-persistence features,IMPLEMENT_CUTLER_VARIANT
MLAT-C007,Kalman filtering,4,133-136,risk state,A sequential state-space update combining a predicted latent state with a noisy observation.,Linear state dynamics and declared noise distributions/covariances.,filtered state,ADAPTED,price or return series,HIGH,HIGH,HIGH,rolling trend and EMA-like state,DEFER
MLAT-C008,Wavelet denoising,4,137-140,risk state,"Decompose a signal across scales, threshold coefficients, and reconstruct a denoised series.","Transform support, threshold, and boundary treatment are valid.",filtered state,REJECTED,return series,HIGH,HIGH,MEDIUM,none,REJECT_LEAKAGE_UNLESS_CAUSAL_REDESIGN
MLAT-C009,Information coefficient and factor quantiles,4,141-150,model validation,Use rank association and ordered buckets to assess factor/outcome relationships and stability.,Evidence units account for dependence and bins are fitted out of sample.,all feature targets,DIRECT,features and forward outcomes,MEDIUM,MEDIUM,LOW,daily Spearman IC and Development-fitted quintiles,ADOPT
MLAT-C010,Risk-adjusted performance metrics,5,169-178,portfolio,"Evaluate returns jointly with volatility, downside, drawdown, and benchmark exposure.",A valid sequential return series exists.,strategy evaluation,LATER,sequential net returns,MEDIUM,MEDIUM,LOW,performance diagnostics,DEFER_UNTIL_POLICY
MLAT-C011,Mutual information,6,192,model validation,A dependence measure that can detect nonlinear information beyond linear correlation.,"Estimator bias, sample size, and repeated testing are controlled.",feature screening,LATER,features and outcomes,MEDIUM,MEDIUM,MEDIUM,rank IC and incremental partial IC,RESEARCH_ONLY
MLAT-C012,Bias-variance trade-off,6,192-195,model validation,Model error reflects both systematic underfit and sample-sensitive overfit.,Generalization is estimated on unseen chronological data.,model selection,DIRECT,chronological partitions,LOW,HIGH,LOW,bounded batch and model authorization gate,ADOPT
MLAT-C013,Purging and embargo,6,199-200,model validation,Remove or separate samples whose label information overlaps training and validation intervals.,Label spans are known.,model validation,DIRECT,timestamps and horizon metadata,MEDIUM,HIGH,LOW,date blocks and chronological embargo,ADOPT_WHEN_MODELLING
MLAT-C014,Regularized linear benchmark,7,214-237,direction / volatility,Use shrinkage to benchmark incremental multivariate information with controlled complexity.,Features and penalties are fitted inside chronological training data.,multivariate benchmark,LATER,frozen shortlist,MEDIUM,HIGH,LOW,Section 9 ridge benchmark,GATED
MLAT-C015,Event-driven backtesting,8,255-273,backtesting,"Simulate time, calendars, information arrival, orders, positions, and costs explicitly.",A frozen sequential policy exists.,execution,LATER,"bars, signals, order rules, costs",HIGH,HIGH,LOW,independent sequential backtest,DEFER_UNTIL_SIGNAL
MLAT-C016,Stationarity and differencing,9,280-290,model validation,Time-series model assumptions require stable distributional structure or an explicit transformation.,Structural breaks and intraday seasonality are diagnosed.,time-series modelling,DIRECT,chronological returns,MEDIUM,MEDIUM,LOW,return transforms and year/session stability,ADOPT
MLAT-C017,AR and variance-ratio state,9,290-296,direction,Lag dependence distinguishes persistence from mean reversion relative to a random-walk benchmark.,Rolling estimation is causal and locally stable.,direction / regime,ADAPTED,log returns,MEDIUM,LOW,MEDIUM,return_autocorrelation_15,IMPLEMENT_VARIANCE_RATIO_AND_TEST_OVERLAP
MLAT-C018,ARCH/GARCH conditional variance,9,297-301,volatility,Forecast conditional variance from lagged shocks and lagged conditional variance.,Returns and residuals are correctly specified; persistence is stationary; diagnostics pass.,volatility / risk state,ADAPTED,segmented GC returns,HIGH,HIGH,HIGH,exploratory notebook GARCH and ATR/RV anchors,AUDIT_SEPARATELY
MLAT-C019,Bayesian state uncertainty,10,320-349,risk state,Represent parameter/state estimates as distributions updated with evidence.,"Priors, likelihood, convergence, and calibration are defensible.",risk state,LATER,time series and prior model,HIGH,HIGH,MEDIUM,none,DEFER
MLAT-C020,Tree feature importance,11,366-376,model validation,Summarize split-based or permutation-based model reliance on predictors.,The model is valid and importance bias/correlation are addressed.,interpretation,LATER,fitted nonlinear model,MEDIUM,MEDIUM,HIGH,none,DO_NOT_USE_AS_EDGE_PROOF
MLAT-C021,Gradient boosting,12,387-428,model validation,Sequentially add weak learners that correct prior residuals under a regularized objective.,Complexity and tuning are nested in chronological validation.,nonlinear benchmark,LATER,frozen shortlist,HIGH,HIGH,LOW,none,DEFER
MLAT-C022,PCA and feature clustering,13,429-460,risk state,Compress or group correlated variables to identify shared variation and redundancy.,Scaling and fit scope are Development-only and components are stable.,redundancy / regime,ADAPTED,feature matrix,MEDIUM,MEDIUM,LOW,Development-only hierarchical feature clustering,USE_CLUSTERING_NOT_NEW_PCA_FEATURES
MLAT-C023,Sentiment and topic features,14-16,461-532,alternative data,"Transform text into sentiment, topics, or dense semantic representations.",Time-stamped text is available without revision or publication leakage.,direction / risk state,DIFFERENT_DATA,"news, filings, or communications",HIGH,HIGH,UNKNOWN,none,DEFER_DIFFERENT_DATA
MLAT-C024,Deep sequence and representation models,17-21,533-690,model validation,Learn nonlinear representations or sequence dynamics with neural networks.,"Large representative data, nested validation, calibration, and strong baselines.",later modelling,LATER,large frozen training corpus,VERY HIGH,HIGH,UNKNOWN,none,DEFER
MLAT-C025,Amihud illiquidity,20 / Appendix,656; 752,risk state,Average absolute return per unit of dollar-volume proxy.,Volume is comparable within the instrument and the futures adaptation is explicit.,expansion / risk state,ADAPTED,close and volume,LOW,LOW,MEDIUM,volume_per_tick_range and liquidity_vacuum_score_exp,IMPLEMENT_AND_TEST_OVERLAP
MLAT-C026,Synthetic time-series fidelity,21,663-690,model validation,"Synthetic data require distributional, predictive, and discriminative fidelity tests.",Synthetic generation does not erase rare risk events.,data augmentation,LATER,validated generator and holdout,VERY HIGH,HIGH,UNKNOWN,none,DEFER
MLAT-C027,Reinforcement-learning trading environment,22,691-723,execution,An agent learns actions from rewards in a stateful market environment.,The simulator and reward encode realistic market dynamics and costs.,execution policy,REJECTED_GOVERNANCE,approved sequential environment,VERY HIGH,HIGH,UNKNOWN,none,REJECT_FOR_V1
MLAT-C028,Chaikin money flow adaptation,Appendix,752-753,direction / risk state,Weight volume by close location within the bar range and aggregate causally.,OHLC ranges are valid; zero-range bars receive an explicit neutral policy.,direction / activity,ADAPTED,OHLCV,LOW,LOW,MEDIUM,close_location_value and volume_price_alignment_10,IMPLEMENT_AND_TEST_OVERLAP
MLAT-C029,Average true range,Appendix,754-755,volatility,A trailing average of true range including the prior-close gap.,Prior close belongs to the same valid continuity segment.,expansion / risk state,DIRECT,"high, low, close",LOW,LOW,VERY HIGH,"atr_5, atr_20, atr_60",USE_EXISTING_ANCHOR
MLAT-C030,Backtest-overfitting warning,23,724-734,backtesting,Repeated design choices against the same history can convert noise into an apparently successful strategy.,The research trail records every tested family and holdout exposure.,governance,DIRECT,research registry and dated holdout,LOW,HIGH,LOW,bounded batch and non-pristine Final-test note,ADOPT
