artifact_name,exact_path,producing_notebook_or_module,row_count,column_count,schema_fingerprint,timestamp_range_utc,research_partition_coverage,file_sha256,validation_status,mlat_use
trusted_gc_mgc_bars,data/processed/research_bars_gc_mgc_1m.parquet,upstream Databento active-contract research pipeline,3487656,82,22550d4c1df0a69faba571a084f4393cf092dbff5a756c830a64820899f8e086,2021-05-24T00:00:00Z through 2026-05-22T20:59:00Z,GC and MGC physical history,ffef1ba20d6d1d7affd3cb0dbb291137b36e70fba839facc8ef82f844b85d90b,VALIDATED_WITH_COLUMN_WHITELIST,GC-only chronological OHLCV source for causal feature construction
eligible_gc_observations,data/processed/statistical_research/eligible_observations_gc.parquet,statistical_feature_research.ipynb eligible-observation section,586530,34,a763d187a5465508a02b195d69fc6eb91df4d6f57acb3a52e174c6e64bc90df7,2021-05-24T06:59:00Z through 2026-05-22T15:58:00Z,Development 306230; Validation 118076; historical Final test 162224,e465056243c6c84114808f5940f2837e1a2415966548892226da788a1ab551a5,VALIDATED,Stable observation IDs and decision-bar mapping; Final-test metadata used only to enforce exclusion
forward_gc_labels,data/processed/statistical_research/forward_labels_gc.parquet,statistical_feature_research.ipynb backed by src/statistical_research/labels.py,586530,169,d0b9d9e1b503525e962d588b6eebda49cfd8aafc3789e66e40767fa04ab685d3,2021-05-24T06:59:00Z through 2026-05-22T15:58:00Z,Development; Validation; historical Final test,79f3c1996fa17dd88b0fecffa9cc072bf96ec60a1e1dc56ce64cd8dcd6cfeea4,VALIDATED_DEV_VALIDATION_ONLY,Existing frozen 5/15/30/60/120/180-minute outcome grid; Final-test outcome columns are never loaded
existing_gc_feature_matrix,data/processed/statistical_research/feature_matrix_gc.parquet,statistical_feature_research.ipynb backed by src/statistical_research/feature_engineering.py,586530,97,07f8ad425c6c93149f3f218e30bd09ba65b78f95bb902ca91507f357ae986d70,2021-05-24T06:59:00Z through 2026-05-22T15:58:00Z,Development; Validation; historical Final test,28157cf8ed50544962666fd681f9d20d48188e964e724f1eb676372b42e5b4b8,VALIDATED,Development/Validation redundancy and incremental-information anchors; Final-test predictors excluded from outcome evaluation
existing_gc_feature_registry,data/processed/statistical_research/feature_registry_gc.parquet,src/statistical_research/feature_registry.py via statistical_feature_research.ipynb,85,24,64fedcedf46a55768710c149cf2117af6b2bf42c90a56950faccf7b6241da09e,n/a,Feature definitions are partition-independent,9b4c1bc43452371d188f41549f26db53bd4b1dcebdaa9193043a9293243a5ef0,VALIDATED,Formula and semantic overlap audit against the 85 historical predictors
existing_feature_reference_parameters,data/processed/statistical_research/feature_reference_parameters_gc.parquet,src/statistical_research/feature_engineering.py via statistical_feature_research.ipynb,32,16,4a2a608ecd8ecf94f3c7f89c5fdbc110292db9950d38f0f5d2e63facef6c3abd,n/a,Development fitted; applied unchanged later,8c0538830883fb9c015d51f8f36275be5a95c69253585fd6dcde66a3872304d6,VALIDATED,Audit Development-only fitting conventions; not refitted or overwritten
frozen_expansion_feature_set,data/processed/statistical_research/frozen_expansion_feature_set_gc.parquet,src/statistical_research/redundancy.py via statistical_feature_research.ipynb,30,7,505da8b2696abec518d340df2785ed0a0acbba090ab85b8d61db2250488b1b0d,n/a,Development and Validation selection record,d6ead201808c7cb45f238060f3781cc31b6790facffe3bcbd3c31dfc128c8c7f,VALIDATED,ATR(20) and frozen 15-feature incremental-information anchors
historical_univariate_results,data/processed/statistical_research/univariate_results_gc.parquet,src/statistical_research/feature_evaluation.py via statistical_feature_research.ipynb,3984,18,197d8884af2c5a94ba98056c45669d6abcf356ee50ecea25db0cb5789056874c,n/a,Development and Validation only,29d3365a40d3aff81a42ab263979b629c7ad77946ad58afa4e0d491b2aab9ef4,VALIDATED,Context for historical 0 directional and 55 expansion advancers; not used to tune MLAT definitions
historical_baseline_summary,data/processed/statistical_research/baseline_summary_gc.parquet,src/statistical_research/baselines.py via statistical_feature_research.ipynb,179184,19,d918ea76d4c9b00ba841235deff0c1a3ebeaf40c2fb5ed89fb8e3176d2ca68bf,n/a,Development; Validation; historical Final test,c2a13c9c6550ad24ba70f50f80b1452c96aa3990117ead6222384cdcd961cfbe,VALIDATED_METADATA_ONLY,Development/Validation baseline context; historical Final-test metrics are not displayed or used for MLAT selection
forward_expansion_thresholds,data/processed/statistical_research/forward_label_expansion_thresholds_gc.parquet,src/statistical_research/labels.py via statistical_feature_research.ipynb,6,6,d726008054bbb09954dcbafbd56343ecb0e4d26827683c641450769e237a80f2,n/a,Development fitted,fcaca73442e07c529372b7c818bc267e7ed5761b3b1bb79c808e4a949387011d,VALIDATED,Apply the pre-existing Development-fitted expansion thresholds unchanged to Validation
