coverage_id,section_type,title,pdf_page_start,pdf_page_end,page_count,text_extraction_status,visual_inspection_pages,relevance,summary_path,extraction_uncertainty,status
MLAT-COV-000,front_matter,"Title, publication, contributors",1,8,8,COMPLETE,"",BACKGROUND_RELEVANCE,"",LOW,COMPLETE
MLAT-COV-001,contents,"Contents",9,29,21,COMPLETE,"9",BACKGROUND_RELEVANCE,"",LOW,COMPLETE
MLAT-COV-002,preface,"Preface",30,41,12,COMPLETE,"30,35,40",HIGH_DIRECT_RELEVANCE,"",LOW,COMPLETE
MLAT-COV-003,chapter,"Chapter 1 - Machine Learning for Trading - From Idea to Execution",42,58,17,COMPLETE,"42,52,53",HIGH_DIRECT_RELEVANCE,"chapter_summaries/chapter_01.md",LOW,COMPLETE
MLAT-COV-004,chapter,"Chapter 2 - Market and Fundamental Data - Sources and Techniques",59,94,36,COMPLETE,"66,72,78,91",HIGH_DIRECT_RELEVANCE,"chapter_summaries/chapter_02.md",LOW,COMPLETE
MLAT-COV-005,chapter,"Chapter 3 - Alternative Data for Finance - Categories and Use Cases",95,114,20,COMPLETE,"96,104,105,111",BACKGROUND_RELEVANCE,"chapter_summaries/chapter_03.md",LOW,COMPLETE
MLAT-COV-006,chapter,"Chapter 4 - Financial Feature Engineering - How to Research Alpha Factors",115,152,38,COMPLETE,"120,129,135,138,145,149,150",HIGH_DIRECT_RELEVANCE,"chapter_summaries/chapter_04.md",LOW,COMPLETE
MLAT-COV-007,chapter,"Chapter 5 - Portfolio Optimization and Performance Evaluation",153,178,26,COMPLETE,"155,159,175",MODERATE_RELEVANCE,"chapter_summaries/chapter_05.md",MEDIUM,COMPLETE
MLAT-COV-008,chapter,"Chapter 6 - The Machine Learning Process",179,202,24,COMPLETE,"192,196,198,200",HIGH_DIRECT_RELEVANCE,"chapter_summaries/chapter_06.md",MEDIUM,COMPLETE
MLAT-COV-009,chapter,"Chapter 7 - Linear Models - From Risk Factors to Return Forecasts",203,248,46,COMPLETE,"224,233,243",MODERATE_RELEVANCE,"chapter_summaries/chapter_07.md",MEDIUM,COMPLETE
MLAT-COV-010,chapter,"Chapter 8 - The ML4T Workflow - From Model to Strategy Backtesting",249,279,31,COMPLETE,"250,257,275",HIGH_DIRECT_RELEVANCE,"chapter_summaries/chapter_08.md",MEDIUM,COMPLETE
MLAT-COV-011,chapter,"Chapter 9 - Time-Series Models for Volatility Forecasts and Statistical Arbitrage",280,319,40,COMPLETE,"287,298,312,318",HIGH_DIRECT_RELEVANCE,"chapter_summaries/chapter_09.md",MEDIUM,COMPLETE
MLAT-COV-012,chapter,"Chapter 10 - Bayesian ML - Dynamic Sharpe Ratios and Pairs Trading",320,349,30,COMPLETE,"322,332,337,344,347",MODERATE_RELEVANCE,"chapter_summaries/chapter_10.md",MEDIUM,COMPLETE
MLAT-COV-013,chapter,"Chapter 11 - Random Forests - A Long-Short Strategy for Japanese Stocks",350,386,37,COMPLETE,"352,356,357,370,375,385",MODERATE_RELEVANCE,"chapter_summaries/chapter_11.md",LOW,COMPLETE
MLAT-COV-014,chapter,"Chapter 12 - Boosting Your Trading Strategy",387,428,42,COMPLETE,"388,389,393,401,411,417,422,425,427",MODERATE_RELEVANCE,"chapter_summaries/chapter_12.md",LOW,COMPLETE
MLAT-COV-015,chapter,"Chapter 13 - Data-Driven Risk Factors and Asset Allocation with Unsupervised Learning",429,460,32,COMPLETE,"436,442,450,453,457",MODERATE_RELEVANCE,"chapter_summaries/chapter_13.md",MEDIUM,COMPLETE
MLAT-COV-016,chapter,"Chapter 14 - Text Data for Trading - Sentiment Analysis",461,485,25,COMPLETE,"462,472,473,479,484",CURRENTLY_OUT_OF_SCOPE,"chapter_summaries/chapter_14.md",MEDIUM,COMPLETE
MLAT-COV-017,chapter,"Chapter 15 - Topic Modeling - Summarizing Financial News",486,505,20,COMPLETE,"489,492,496,497,503,504",CURRENTLY_OUT_OF_SCOPE,"chapter_summaries/chapter_15.md",MEDIUM,COMPLETE
MLAT-COV-018,chapter,"Chapter 16 - Word Embeddings for Earnings Calls and SEC Filings",506,532,27,COMPLETE,"508,509,517,522,527,530",CURRENTLY_OUT_OF_SCOPE,"chapter_summaries/chapter_16.md",LOW,COMPLETE
MLAT-COV-019,chapter,"Chapter 17 - Deep Learning for Trading",533,568,36,COMPLETE,"549",BACKGROUND_RELEVANCE,"chapter_summaries/chapter_17.md",MEDIUM,COMPLETE
MLAT-COV-020,chapter,"Chapter 18 - CNNs for Financial Time Series and Satellite Images",569,606,38,COMPLETE,"573",CURRENTLY_OUT_OF_SCOPE,"chapter_summaries/chapter_18.md",MEDIUM,COMPLETE
MLAT-COV-021,chapter,"Chapter 19 - RNNs for Multivariate Time Series and Sentiment Analysis",607,638,32,COMPLETE,"609,614",BACKGROUND_RELEVANCE,"chapter_summaries/chapter_19.md",LOW,COMPLETE
MLAT-COV-022,chapter,"Chapter 20 - Autoencoders for Conditional Risk Factors and Asset Pricing",639,662,24,COMPLETE,"640,658",MODERATE_RELEVANCE,"chapter_summaries/chapter_20.md",LOW,COMPLETE
MLAT-COV-023,chapter,"Chapter 21 - Generative Adversarial Networks for Synthetic Time-Series Data",663,690,28,COMPLETE,"671,676",CURRENTLY_OUT_OF_SCOPE,"chapter_summaries/chapter_21.md",MEDIUM,COMPLETE
MLAT-COV-024,chapter,"Chapter 22 - Deep Reinforcement Learning - Building a Trading Agent",691,723,33,COMPLETE,"697,700,710",CURRENTLY_OUT_OF_SCOPE,"chapter_summaries/chapter_22.md",LOW,COMPLETE
MLAT-COV-025,chapter,"Chapter 23 - Conclusions and Next Steps",724,734,11,COMPLETE,"725",HIGH_DIRECT_RELEVANCE,"chapter_summaries/chapter_23.md",LOW,COMPLETE
MLAT-COV-026,appendix,"Appendix - Alpha Factor Library",735,764,30,COMPLETE,"737,738,754,759,760",HIGH_DIRECT_RELEVANCE,"chapter_summaries/appendix_alpha_factor_library.md",MEDIUM,COMPLETE
MLAT-COV-027,references,"References",765,779,15,COMPLETE,"765",BACKGROUND_RELEVANCE,"",LOW,COMPLETE
MLAT-COV-028,index,"Index",780,858,79,COMPLETE,"780,834,858",BACKGROUND_RELEVANCE,"",LOW,COMPLETE
